church_name,street_address,city,state,zip,type,word_count
Elevation Church STL,316 Gravois Rd,Fenton,MO,63026,NA,3
ALIVE Church - St. Louis,1809 Des Peres Rd,St. Louis,MO,63131,NA,5
MiddleTree Church,2105 McCausland Ave,St. Louis,MO,63143,NA,2
Gracelife Chapel - JeffCo,1 Victory Dr,Pevely,MO,63070,NA,4
Grace Church,5151 N Illinois St,Fairview Heights,IL,62208,NA,2
Gracelife Chapel - DeSoto,1000 N Main St,DeSoto,MO,63020,NA,4
Faith Christian Family Church - Wentzville,2349 W Pearce Blvd,Wentzville,MO,63385,NA,6
Faith Christian Family Church - Warrenton,17350 E Veterans Memorial Pkwy,Truesdale,MO,63380,NA,6
City Hope Church,1000 E 3rd St,Centralia,IL,62801,NA,3
Grace Church,12640 S US Hwy 63,Rolla,MO,65401,NA,2
Love and Truth Church - Crainville,1201 Marion St,Crainville,IL,62918,NA,6
The Bridge Church,2125 William St,Cape Girardeau,MO,63701,NA,3
Manna Church,Waynesville Middle School,Waynesville,MO,Waynesville Middle School,School,2
The River,25625 Hwy 17,Waynesville,MO,65583,NA,2
The Roads Church - Norris City,583 US Hwy 45,Norris City,IL,62869,NA,6
Family Life Fellowship,1614 Highway 24E,Moberly,MO,65270,NA,3
Relevant Church,3425 Oak St,Paducah,KY,42003,NA,2
CrossviewChurch,1807 High St,Keokuk,IA,52632,NA,1
The Roads Church - Mt. Carmel,715 W 3rd St,Mt. Carmel,IL,62863,NA,6
Victory Faith Church,2359 53rd St,Fort Madison,IA,52627,NA,3
Grace Life,100 WK&T Technology Dr,Mayfield,KY,42066,NA,2
The Tabernacle,1845 W Hovey Ave,Normal,IL,61761,NA,2
Hope City Church,1001 N Main St,Evansville,IN,47711,NA,3
Relevant Faith Church,1831 Knoxville Ave,Peoria,IL,61603,NA,3
Destiny Church - Marshfield,1235 Spur Dr,Marshfield,MO,65706,NA,4
The Well,5600 Ward Rd,Evansville,IN,47711,NA,2
Harvest Church,2118 Cindy Lynn,Urbana,IL,61802,NA,2
Christ Tabernacle,1839 US 62,Princeton,KY,42445,NA,2
Purpose Church,601 S 12th St,Murray,KY,42071,NA,2
The Heights Church,4787 S 135th Rd,Bolivar,MO,65613,NA,3
Love and Truth Church - Dyersburg,1975 Brewer Rd,Dyersburg,TN,38024,NA,6
Victory Church,615 Brown Rd,Madisonville,KY,42431,NA,2
The Courageous Church - North,2848 N Broadway Ave,Springfield,MO,65803,NA,5
The Courageous Church - South,4900 S Farm Rd 189,Rogersville,MO,65742,NA,5
Emmaus Church,17000 S Campbell,Springfield,MO,NA,NA,2
Impact Church of the Ozarks,1530 W Jackson St,Ozark,MO,65721,NA,5
Life Church - Danville,2105 N Bowman,Danville,IL,61834,NA,4
The Bridge - Fairfield,404 W Fillmore Ave,Fairfield,IA,525567,NA,4
Destiny Church - Republic,526 E Harrison St,Republic,MO,65738,NA,4
Believers' Community Church,3645 N St Louis St,Batesville,AR,72501,NA,3
The Bridge - Centerville,1005 N 18th St,Centerville,IA,52544,NA,4
The Bridge - Ottumwa,133 W 2nd St,Ottumwa,IA,52501,NA,4
Camden First Assembly,2800 Hwy 70 W,Camden,TN,38320,NA,3
Love and Truth Church - Jackson,565 Oil Well Rd,Jackson,TN,38305,NA,6
Modern Church,1810 Tiny Town Rd,Clarksville,TN,37042,NA,2
LifePoint Church - Austin Peay,601 College St,Clarksville,TN,37040,NA,5
Awaken Church,585 S Riverside Dr,Clarksville,TN,37040,NA,2
Summit Park Church,425 SW Oldham Pkwy,Lees Summit,MO,64081,NA,3
LifePoint Church,1915 Rossview Rd,Clarksville,TN,37043,NA,2
Real Life Church,8301 E 163rd St,Belton,MO,64012,NA,3
Rock Brook Church,1715 E 173rd St,Belton,MO,64012,NA,3
The Point,1710 Nashville St,Russellville,KY,42276,NA,2
New Life Church - Heber Springs,1540 Bypass Rd,Heber Springs,AR,72543,NA,6
The Life Church - Austin Peay,3938 Austin Peay Hwy,Memphis,TN,38128,NA,6
River City Church - Espa単ol,2842 Old US 231,Lafayette,IN,47909,NA,5
River City Church - Lafayette,108 Beck Ln,Lafayette,IN,47909,NA,5
River City Church,3871 Kirby Whitten Pkwy,Bartlett,TN,38135,NA,3
River City Church - West Lafayette,3504 Morehouse Rd,West Lafayette,IN,47906,NA,6
Your Venture Church,7865 N County Rd 100 E,Pittsboro,IN,46167,NA,3
Kingdom City Church - North,2620 Burlington,North Kansas City,MO,64116,NA,5
Kingdom City Church - Plaza,4646 Belleview Ave,Kansas City,MO,64112,NA,5
Vertical Church,620 N Carr Rd,Plainfield,IN,46168,NA,2
Life Church - Lafayette,1201 Sagamore Pkwy N,Lafayette,IN,47904,NA,4
Crossroads Church,7209 E Co Rd 100 S,Avon,IN,46123,NA,2
Discover Church,10500 N Arrowhead Trafficway,Kansas City,MO,64155,NA,2
The Life Church - Germantown Parkway,1800 N Germantown Pkwy,Cordova,TN,38016,NA,6
Oak City Church,3946 Tutwiler Ave,Memphis,TN,38122,NA,3
Radiant Church,9000 W 137th St,Overland Park,KS,66221,NA,2
Prevail Church,300 S Bridge St,Smithville,MO,64089,NA,2
The Life Church - Highland,255 N Highland St,Memphis,TN,38111,NA,5
Freedom Church,2061 Indianapolis Ave,Lebanon,IN,46052,NA,2
Nexus Church,15101 College Blvd,Lenexa,KS,66219,NA,2
The Life Church - Houston Levee,650 Houston Hill Rd,Eads,TN,38028,NA,6
New Life Church - Searcy,2851 West Beebe Capps Expressway,Searcy,AR,72143,NA,5
Hope Point Church,2080 E 151st St,Olathe,KS,66220,NA,3
"LifeMission Church - Kansas City, Kansas",2400 N 81 St,Kansas City,KS,66109,NA,6
Restore Church,8710 Route 71,Yorkville,IL,60560,NA,2
LifeMission Church - Olathe,16111 S Lone Elm Rd,Olathe,KS,66062,NA,4
Restoration Christian Church,92 Barney Dr,Joliet,IL,60435,NA,3
Real Life Church,2714b Scottsville Rd,Bowling Green,KY,42104,NA,3
SouthPoint Church,2010 Stateline Rd W,Southaven,MS,38671,NA,2
Restoration Church,17935 S Moonlight Rd,Gardner,KS,66030,NA,2
Second Place Church,25528 S Willow Creek Ln,Monee,IL,60449,NA,3
Compel Church - Olive Branch,7790 Davidson Rd,Olive Branch,MS,38654,NA,5
Reconciliation Church,7130 Malco Blvd,Southaven,MS,38671,NA,2
Compel Church - Dream Center,6935 Windchase,Horn Lake,MS,38637,NA,5
Ignite Church,777 N Business Hwy 49,Neosho,MO,64850,NA,2
Compel Church - Southaven,820 Church Rd E,Southaven,MS,38672,NA,4
Hillside Church,4810 Grantline Rd,New Albany,IN,47150,NA,2
Fuel Church - Westfield,18686 Eagletown RD,Westfield,IN,46074,NA,4
Hope City Church,7301 Arnoldtown Rd,Louisville,KY,40214,NA,3
New Life Church - Beebe,115 North Main St,Beebe,AR,72012,NA,5
CityChurch For Olive Branch,3591 Bethel Rd,Olive Branch,MS,38654,NA,4
New Life Church - Greenbrier,43 Glenn Ln,Greenbrier,AR,72058,NA,5
People's Church - Indianapolis,7960 Castleway Dr,Indianapolis,IN,46250,NA,4
Blueprint Church,226 S Main St,Goodlettsville,TN,37072,NA,2
Love and Truth Church - Adamsville,440 US 64,Adamsville,TN,38310,NA,6
ONE Church,18515 N Union St,Westfield,IN,46074,NA,2
Living Water Community Church,190 Lily Cache Ln,Bollingbrook,IL,60440,NA,4
Christian Life Center - Tinley Park,6363 W 183rd St,Tinley Park,IL,60477,NA,6
Zeal Church,5807 Charlotte Pike,Nashville,TN,37209,NA,2
Life Springs Church,1635 Emerson Ln,Naperville,IL,NA,NA,3
ITOWN Church - Academy,9665 Hague Rd,Indianapolis,IN,46256,NA,4
The Hills Nashville,120 Belle Forest Cir,Nashville,TN,37221,NA,3
The Edge Church,2705 Clara Ave,Aurora,IL,60502,NA,3
The House,2901 W Olive St,Rogers,AR,72756,NA,2
Elan Church,1665 Quincy Ave,Naperville,NA,NA,NA,2
Purpose City Church,2850 Ginger Woods Pkwy,Aurora,IL,60502,NA,3
Compel Church - Hernando,2601 Elm St,Hernando,MS,38632,NA,4
SOCO Church,104 SW A Street,Bentonville,AR,72712,NA,2
Keypoint Church - Bentonville,3700 Medical Center Pkwy,Bentonville,AR,72712,NA,4
Way Church,900 Gallatin Ave,Nashville,TN,37206,NA,2
Christian Life Center - West,28250 Diehl Rd,Warrenville,IL,NA,NA,5
Highmark Church,9959 E 126th St,Fishers,IN,46038,NA,2
Realife Church,5151 W US Hwy 40,Greenfield,IN,46140,NA,2
Oasis Church,197 Imperial Blvd,Hendersonville,TN,37075,NA,2
Love and Truth Church - Savannah,2425 Pickwick St,Savannah,TN,38372,NA,6
Trove Heights,500 Interstate Blvd S,Nashville,TN,NA,NA,2
THE WELL,33W835 Cherry Ln,Geneva,IL,60134,NA,2
Connect Church - Downtown,701 Murfreesboro Pike,Nashville,TN,37210,NA,4
The Believers Church,7905 Smyrna Pkwy,Louisville,KY,40228,NA,3
ITOWN Church - Olson Farms,12491 E 136th St,Fishers,IN,46038,NA,5
New Life Church - Cabot,3400 West Main St,Cabot,AR,72023,NA,5
LifeMission Church - Ottawa,3085 Marshall Rd,Ottawa,KS,66067,NA,4
Renovation Church,325 Maple St,Gallatin,TN,37066,NA,2
Heartland Church,14900 E 126th St,Fishers,IN,46037,NA,2
Keypoint Church - Springdale,1404 Chester Ave,Springdale,AR,72764,NA,4
Motor City Church - Louisville,10307 Seatonville Rd,Louisville,KY,40291,NA,5
New Life Church - Conway,633 S Country Club Rd,Conway,AR,72034,NA,5
Generations Church,408 Church St,Franklin,TN,37064,NA,2
Reset Church,6n921 IL-25,Wayne,IL,60184,NA,2
Lifepoint Church Louisville,809 N Pope Lick Rd,Louisville,KY,40243,NA,3
New Life Church - Fayetteville,2035 North College Ave,Fayetteville,AR,72703,NA,5
Velocity Church,4000 W 6th St,Lawrence,KS,66049,NA,2
New Tribe Church,1279 N Mt. Juliet Rd,Mt. Juliet,TN,37122,NA,3
New Life Church,1803 E Vaile Ave,Kokomo,IN,46901,NA,3
Fuel Church - Kokomo,2021 E Markland Ave,Kokomo,IN,46062,NA,4
Gateway Church,1288 Lewisburg Pike,Franklin,TN,37064,NA,2
New Life Church - Russellville,130 East Harrell Dr,Russellville,AR,72802,NA,5
Union Church - Iowa,8383 Ridgeview Dr,Des Moines,IA,50320,NA,4
New Life Church - Mayflower,4 Grove St,Mayflower,AR,72106,NA,5
New Life Church - Clarksville,1127 S Rogers,Clarksville,AR,72830,NA,5
Free Church,200 N Oak Park Ave,Oak Park,IL,60302,NA,2
Connect Church - Mount Juliet,14500 Central Pike,Mt. Juliet,TN,37122,NA,5
HighPoint Church,901 19th St,Des Moines,IA,50314,NA,2
People Church - Chicago,1147 N Western Ave,Chicago,IL,Roberto Clemente Community Academy,School,4
Vital Church,700 N Progress Ave,Siloam Springs,AR,72761,NA,2
New Life Church - Greater Little Rock,8000 Crystal Hill Rd,North Little Rock,AR,72118,NA,7
The River Church - Chesterton,75 E 1100 N,Chesterton,IN,46304,NA,5
good news in the neighborhood,312 E Wood St,Palatine,IL,60067,NA,5
New Life Church - West Little Rock,5701 Ranch Dr.,Little Rock,AR,72223,NA,7
New Life Church - Downtown Little Rock,610 Main St,Little Rock,AR,72201,NA,7
Summitcreek Church,13007 Douglas Pkwy,Urbandale,IA,50323,NA,2
Mission Lighthouse Church,18 County Rd 252,Luka,MS,38852,NA,3
Christian Life Church,745 Cason Ln,Murfreesboro,TN,37128,NA,3
Alinea Church,853 Dejarnette Ln,Murfreesboro,TN,37130,NA,2
Avenue Church,116 N Walnut St,Murfreesboro,TN,37128,NA,2
The River Church - Marion,759 S Lenfesty Ave,Marion,IN,46953,NA,5
Impact Church,4137 Shelbyville Hwy,Murfreesboro,TN,37127,NA,2
New Life Church - Saline County,4200 AR-5,Bryant,AR,72022,NA,6
New Song Church - Wabash,619 N State Rd 13,Wabash,IN,46992,NA,5
New Song Church,1292 Baker St,Plymouth,IN,46563,NA,3
Hope City Church - Waterloo,118 High St,Waterloo,IA,50703,NA,5
Church of the Highlands - Shoals,10 Hightower Place,Florence,AL,Marriott Shoals Conference Center,Community Center,6
Hope City Church - Cedarloo,3712 Cedar Heights,Cedar Falls,IA,50613,NA,5
Generations Church,815 Orchard Dr,Cedar Falls,IA,50613,NA,2
Discovery Church,4241 Hwy 336,Pontotoc,MS,38863,NA,2
Encounter Church - Village,8415 Park Ave,Hot Springs,AR,71901,NA,4
New Life Church - Fort Smith,9000 S Dallas St,Fort Smith,AR,72903,NA,6
The Sycamore Church,1212 Nelle St,Tupelo,MS,38804,NA,3
Hope Rising,1131 Etna Ave,Huntington,IN,46750,NA,2
King City Church,1921 Briar Ridge Rd,Tupelo,MS,38804,NA,3
New Life Church - Pine Bluff,2801 S Olive St,Pine Bluff,AR,NA,NA,6
Your Place Church,3131 W 520 Rd,Pryor,OK,74361,NA,3
DayBreak Church,5631 6th Ave,Kenosha,WI,53140,NA,2
Central City Church,400 Dubois Rd,Cookeville,TN,NA,NA,3
Capitoland Church,3651 Maple Grove Dr,Madison,WI,53719,NA,2
Encounter Church - Springs,115 Lakeshore Dr,Hot Springs,AR,71901,NA,4
New Life Church - Hot Springs,300 Pakis St,Hot Springs,AR,71913,NA,6
Metro Believers Church,575 D'Onofrio Dr,Madison,WI,NA,NA,3
ITOWN Church - Bluffton,1 Tiger Trail,Bluffton,IN,46714,NA,4
The Gathering Place,3800 Mall Rd,Lexington,KY,40503,NA,3
Refuge Church - Athens,1412 Lindsay Ln S,Athens,AL,35613,NA,4
Elkhart City Church,431 S 3rd St,Elkhart,IN,46516,NA,3
Queen City Church,2488 Madison Rd,Cincinnati,OH,45208,NA,3
Soul Revival Church,2119 Rapids Dr,Racine,WI,53403,NA,3
Refuge Church - Harvest,5700 Hwy 53,Harvest,AL,35749,NA,4
City Church,4222 SE Rice Creek Rd,Bartlesville,OK,74006,NA,2
Church of the Highlands - Huntsville,330 Nance Rd,Huntsville,AL,35758,NA,6
Rocket City Church,2100 Hughes Rd,Madison,AL,35758,NA,3
Elevate City Church,1315 S Hanna St,Fort Wayne,IN,46802,NA,3
Building Church,845 Slaughter Rd,Madison,AL,35758,NA,2
The Becoming Church,7855 Old Madison Pike,Madison,AL,35758,NA,3
questCHURCH,6933 Hendrickson Rd,Middletown,OH,45044,NA,1
New Life Chapel,8580 Madison Blvd,Madison,WI,NA,NA,3
Solid Rock Church,2505 Newburg Rd,Haleyville,Al,35565,NA,3
Four Corners Church,108 Woodson St,Huntsville,AL,35801,NA,3
414 Church,7515 W National Ave,West Allis,WI,53214,NA,2
HopeTown Church,2806 Memorial Pkwy,Huntsville,AL,NA,NA,2
Rock Hills Church,2610 Farm Bureau Rd,Manhattan,KS,66502,NA,3
City Light Church - Monteagle,841 W Main St,Monteagle,TN,37356,NA,5
New Freedom Church,840 Miller Rd,Lebanon,OH,45036,NA,3
Real Life Church,650 E Lytle Five Points Rd,Dayton,OH,45458,NA,3
Good Land Church,2419 E Kenwood Blvd,Milwaukee,WI,53211,NA,3
Metro Harvest Church,N96 W14313 County Line Rd,Menomonee Falls,WI,53051,NA,3
City Church - Pawhuska,1225 Virginia Short St,Pawhuska,OK,74056,NA,4
New Hope Christian Center,900 S Wayne St,Waterloo,IN,46793,NA,4
Today Church Ohio,1190 Richfield Center,Beavercreek,OH,45430,NA,3
Southridge Church - New Hope,1430 S 14th St,Omaha,NE,68108,NA,5
Journey Church,3683 Eva Rd,Eva,AL,35621,NA,2
Southridge Church - Papillion,1250 N Washington St,Papillion,NE,68046,NA,4
Glow Church,7401 Main St,Ralston,NE,68127,NA,2
Reach Church,1402 N 81st West Ave,Tulsa,OK,74127,NA,2
My City Church,8969 Park Dr,Ralston,NE,68127,NA,3
River City Church,1631 4th St SW #120,Mason City,IA,50401,NA,3
Summitview Church,38 S Irvine Rd,Irvine,KY,40336,NA,2
Cornerstone Church,1187 Falls Rd,Grafton,WI,53024,NA,2
The Way Church,911 E Dewey Ave,Sapulpa,OK,74066,NA,3
Desperation Church - Cullman,510 5th St SW,Cullman,AL,35055,NA,4
Desperation Church - Arab,1118 N Brindlee Mountain Pkwy,Arab,AL,35016,NA,4
New Life Church,5115 Portage Rd,Portage,MI,49024,NA,3
Rise Church,3701 Tom Weathers Dr,Chattanooga,TN,37415,NA,2
Real Church,1912 Gunter Ave,Guntersville,AL,35976,NA,2
Desperation Church - Jasper,204 19th St E,Jasper,AL,35501,NA,4
Freedom Church,2212 Hwy 278 W,Camden,AR,71701,NA,2
Mercy City Church - Lincoln,6224 Logan Ave,Lincoln,NE,68507,NA,5
Freedom Church,1212 S Seminole Dr,Chattanooga,TN,37412,NA,2
Engedi Church - Holland,710 Chicago Dr,Holland,MI,NA,NA,4
Engedi Church - Espa単ol,710 Chicago Dr,Holland,MI,NA,NA,4
Xperience Church,1500 N Clinton St,Defiance,OH,NA,NA,2
Hope and Stand,942 Towe String Rd,Jacksboro,TN,37757,NA,3
Fearless Church - Chattanooga,5319 Ringgold Rd,Chattanooga,TN,37412,NA,4
City Light Church,5076 S Terrace,Chattanooga,TN,37412,NA,3
Vima Church,9112 E Central Ave,Wichita,KS,67206,NA,2
Vertical Church,100 Pine St,Zeeland,MI,49464,NA,2
Five Stones Church,7660 Goodwin Rd,Chattanooga,TN,37421,NA,3
The Gathering Church,522 N Main St,Newton,KS,67114,NA,3
New Anthem Community Church,425 E 61st St N,Park City,KS,67219,NA,4
Desperation Church - Hayden,420 Main St N,Warrior,AL,35180,NA,4
Faith Promise Church - Anderson,1115 N Charles Seivers Blvd,Clinton,TN,NA,NA,5
NEO Church,1600 Elrod St,Cleveland,TN,37311,NA,2
Faith Promise Church - Pellissippi,10740 Faith Promise Ln,Knoxville,TN,37931,NA,5
Life West Church,7161 Pleasant View Ct,Allendale,MI,49401,NA,3
Faith Promise Church - Farragut,144 West End Ave,Farragut,TN,37934,NA,5
The Ark Church,2020 S Ohio St,Salina,KS,67401,NA,3
Transformation Church,340 Park Village Rd,Knoxville,TN,37923,NA,2
HEART and SOUL Church,8352 Kingston Pike,Knoxville,TN,37919,NA,4
The Altar,321 S 162nd St N,Goddard,KS,67052,NA,2
Promesa de Fe,5830 Haynes-Sterchi Rd,Knoxville,TN,37912,NA,3
Faith Promise Church - North Knox,5830 Haynes-Sterchi Rd,Knoxville,TN,37912,NA,6
Mercy City Church - Seward,147 S 6th St,Seward,NE,68434,NA,5
Life Church Knoxville,1015 Cedar Ln,Knoxville,TN,37912,NA,3
Church of the Highlands - Gadsden,4409 Airport Rd,Gadsden,AL,35904,NA,6
City Hills Church,1501 Kirby Rd,Knoxville,TN,37909,NA,3
Church of the Highlands - Fultondale,3250 Lowery Pkwy,Fultondale,AL,35068,NA,6
Echo Church,1420 11th Ave SE,Rochester,MN,55904,NA,2
Engedi Church - Grand Rapids,507 Broadway Ave NW,Grand Rapids,MI,49504,NA,5
Juniper Church,213 W Jackson St,Knoxville,TN,37902,NA,2
New Chapel,1029 4 Mile Rd NW,Grand Rapids,MI,49544,NA,2
Church of the Highlands - Tuscaloosa,721 Rice Mine Rd,Tuscaloosa,AL,NA,NA,6
Church of the Highlands - Woodlawn,4930 Messer Airport Hwy,Birmingham,AL,35212,NA,6
Gadsden Christian Fellowship,719 Nunnally Ave,Gadsden,AL,35903,NA,3
Rehoboth Church Birmingham,1800 John Rogers Dr,Irondale,AL,35210,NA,3
High Point Church,4545 North Frontage Road,Rochester,MN,55901,NA,3
Life Point Church,1644 11th St,Portsmouth,OH,45662,NA,3
Church of the Highlands - The Chapel,The Chapel at Grants Mill Campus,Birmingham,AL,The Chapel at Grants Mill Campus,School,7
Faith Promise Church - Blount,539 N Foothills Plaza Dr,Maryville,TN,37801,NA,5
A Church Called Home,5637 Strawberry Plains Pike,Knoxville,TN,37914,NA,4
Mercy Hill Church,6301 34th Ave NW,Rochester,MN,55901,NA,3
Church of the Highlands - Southwest,1021 Academy Dr,Bessemer,AL,35022,NA,6
Rock City Church - Hilliard,4311 Anson Dr,Hilliard,OH,43026,NA,5
Church of the Highlands - Grants Mill,4700 Highlands Way,Birmingham,AL,35210,NA,7
Centerpoint Church,144 Consumer Center Dr,Chillicothe,OH,45601,NA,2
Church of the Highlands - Grandview,3660 Grandview Pkwy,Birmingham,AL,35243,NA,6
Church of the Highlands - Greystone,1701 Lee Branch Ln,Birmingham,AL,35242,NA,6
Rock City Church - Short North,38 W Greenwood Ave,Columbus,OH,43215,NA,6
Church of the Highlands - Riverchase,9013 Helena Rd,Pelham,AL,35124,NA,6
Watermark Church,6540 Worthington Galena Rd,Columbus,OH,43085,NA,2
Villages Church,80 Dillmont Dr,Columbus,OH,43235,NA,2
Ethos Church,100 Green Meadows Dr,Lewis Center,OH,43035,NA,2
Rock City Church - Polaris,1250 Gemini Pl,Columbus,OH,43240,NA,5
Better Life Church Newaygo,9103 Mason Dr,Newaygo,MI,49337,NA,4
Rock City Church - Whitehall,675 S Yearling Rd,Columbus,OH,43213,NA,5
Cultivate Church - Alabaster,509 1st St SW,Alabaster,AL,35007,NA,4
All Nations Worship Assembly of Columbus,175 Fairway Blvd,Columbus,OH,43213,NA,6
Church of the Highlands - Alabaster,Thompson Middle School,Alabaster,AL,Thompson Middle School,School,6
The Avenue,6111 West Andrew Johnson Hwy,Talbott,TN,37877,NA,2
Simple Church,3043 Gender Rd,Reynoldsburg,OH,43068,NA,2
Christ Church - Sterlington,7616 US 165 N,Monroe,LA,71203,NA,4
Refuge,801 Co Rd HH,Stevens Point,WI,54481,NA,1
Refuge - Espa単ol,801 Co Rd HH,Stevens Point,WI,54481,NA,3
Legacy Church,895 Windmiller Dr,Pickerington,OH,43147,NA,2
City Life Lansing,5825 Wise Rd,Lansing,MI,48911,NA,3
Family Worship Center Church,1315 Indian Hills Dr,Sioux City,IA,51104,NA,4
The House Church,3121 Sterlington Rd,Monroe,LA,71203,NA,3
LakeHills Church,5262 Hwy 70,Calera,AL,35040,NA,2
Church of the Highlands - Oxford,401 McCullars Ln,Oxford,AL,36203,NA,6
Cultivate Church - Columbiana,21011 Hwy 25,Columbiana,AL,35051,NA,4
Christ Church - West Monroe,208 Lincoln St,West Monroe,LA,71291,NA,5
Element Church,219 S Harrison Rd,East Lansing,MI,48824,NA,2
Cityheart Church,1425 Leila Dr,Jackson,MS,39206,NA,2
River Valley Church - Faribault,722 Ravine St,Faribault,MN,55021,NA,5
Life Church West Monroe,118 S Martin Ln,West Monroe,LA,71292,NA,4
Christ Church - Ruston,1701 Celebrity Dr,Ruston,LA,71270,NA,4
Awaken Church,801 West Ave,Cartersville,GA,30120,NA,2
Move Church,2714 Hwy 468,Pearl,MS,39208,NA,2
Fieldstone Church,14480 S Sanford Rd,Milan,MI,48160,NA,2
Church of the Highlands - Sylacauga,J. Craig Smith Community Center,Sylacauga,AL,J. Craig Smith Community Center,Community Center,6
Life Church Meridian,2224 N Frontage Rd,Meridian,MS,39301,NA,3
Church of the Highlands - Demopolis,1455 W Jackson St,Demopolis,AL,36732,NA,6
People's Church - Midwest City,351 N Air Depot Blvd,Midwest City,OK,73110,NA,5
Monroe City Church,2121 N Monroe St,Monroe,MI,48162,NA,3
Cedarcrest Church,4600 Cobb Pkwy N NW,Acworth,GA,30101,NA,2
People's Church - Oklahoma City,800 E Britton Rd,Oklahoma City,OK,73114,NA,5
Generations Church,110 Bluffs Pkwy,Canton,GA,30114,NA,2
Dream Church,224 Brown Industrial Parkway,Canton,GA,NA,NA,2
Church on the Rise,10417 N May Ave,Oklahoma City,OK,73013,NA,4
Greater Church,5744 Bells Ferry Rd,Acworth,GA,30102,NA,2
Faith Church,12201 Warwick Dr,Oklahoma City,OK,73162,NA,2
Thrive Chapel,11303 Hwy 92,Woodstock,GA,30188,NA,2
Alive Family Church,1623 S Old US Hwy 23,Brighton,MI,48114,NA,3
People's Church- Northwest OKC,8512 Northwest Expressway,Oklahoma City,OK,73162,NA,4
Verve Church,150 Stone St,Villa Rica,GA,30180,NA,2
Revolution Church,421 Rome St,Carrolllton,GA,30117,NA,2
Westgate Church,3217 New Macland Rd,Powder Springs,GA,NA,NA,2
Southpointe Church,13300 Straka Farm Rd,Oklahoma City,OK,73173,NA,2
River Valley Church - Apple Valley,14898 Energy Way,Apple Valley,MN,55124,NA,6
Gilead Church,12501 Telegraph Rd,Taylor,MI,48180,NA,2
Impact Church - Metro Detroit,22104 Novi Rd,Novi,MI,48375,NA,5
RockPoint Church,1485 S Marietta Pkwy SE,Marietta,GA,30067,NA,2
The Bridge Church NC,985 Cullowhee Mountain Rd,Cullowhee,NC,28723,NA,4
Pathway Church,12825 NW 10th St,Yukon,OK,73099,NA,2
Highlands Church,433 Canton Rd,Cumming,GA,NA,NA,2
Realms of Glory International Church Inc,10684 Alpharetta Hwy,Roswell,GA,NA,NA,6
Riverpark Church,3232 E 70th St,Shreveport,LA,71105,NA,2
Destiny Church,2010 Colleen Dr,Bossier City,LA,71112,NA,2
LIIV Atlanta,5900 Raider Dr,Sandy Springs,GA,30328,NA,2
Impact Church Metro Detroit,Holiday Inn & Suites,Farmington Hills,MI,NA,NA,4
River Valley Church - Shakopee,1350 Crossings Blvd,Shakopee,MN,55379,NA,5
River Valley Church - Eagan,875 Blue Gentian Rd,Eagan,MN,NA,NA,5
Mosaic Church,5550 Oakdale Rd,Mableton,GA,30126,NA,2
River Valley Church - Woodbury,7805 Hudson Rd,Woodbury,MN,NA,NA,5
Genesee Valley Church,6020 Corunna Rd,Flint,MI,48532,NA,3
Crossover Church,26100 Northwestern Hwy,Southfield,MI,48037,NA,2
GO CHURCH - Westside ATL,1300 Joseph E Boone Blvd NW,Atlanta,GA,30314,NA,5
Living Rock Church,500 E Main St,Luverne,MN,56156,NA,3
Faith Promise Church - Bristol,2133 Volunteer Pkwy,Bristol,TN,37620,NA,5
River Valley Church - Crosstown,10801 Red Circle Dr,Minnetonka,MN,55343,NA,5
Cross and Anchor Church,2831 E Grand Blvd,Detroit,MI,48211,NA,4
Faith Xperience Church,2260 Medbury St,Detroit,MI,48211,NA,3
Judah Church,104 Cannon Ave,Bristol,TN,37620,NA,2
One Church - Sulphur Springs,1400 TX-301 Loop,Sulphur Springs,TX,75482,NA,5
Westside Movement,1001 MN-7,Hopkins,MN,55305,NA,2
Substance Church - Downtown,101 E Grant St,Minneapolis,MN,55403,NA,4
Real Life Church,2353 N Chatsworth St,Roseville,MN,55113,NA,3
River Valley Church - City,105 N 1st St,Minneapolis,MN,55401,NA,5
Motor City Church - Detroit,3668 Livernois Rd,Troy,MI,48083,NA,5
Ridge Church,1251 Coosa River Pkwy,Wetumpka,AL,36092,NA,2
City Light Church,3075 Shimmons Rd,Auburn Mills,MI,48326,NA,3
Church of the Highlands - Newnan,1515 Lower Fayetteville Rd,Newnan,GA,The Neewnan Centre,Community Center,6
COR Church,564 W Crogan St,Lawrenceville,GA,30046,NA,2
Agape Church,415 Central Ave,Laurel,MS,39440,NA,2
River Valley Church - Minnetrista,5595 Westwood Ave,Minnetrista,MN,55364,NA,5
GO CHURCH - South Metro Atlanta,3935 Hwy 34 E,Sharpsburg,GA,30277,NA,6
Live Free Church,706 Grayson Hwy,Lawrenceville,GA,NA,NA,3
The Springs Church - Collins,983 Cold Springs Rd,Collins,MS,39428,NA,5
Grace Creek Church,1500 W Hawkins Pkwy,Longview,TX,75605,NA,3
Seacoast Church - Asheville,123 Sweeten Creek Rd,Asheville,NC,28803,NA,4
Church of the King - Atlanta South,201 Walt Banks Rd,Peachtree City,GA,30269,NA,7
Pathway Church Longview,913 W Loop 281,Longview,TX,NA,NA,3
Converge Church,913 W Loop 281 #101,Longview,TX,75604,NA,2
Substance Church - Northtown,8299 Central Ave NE,Spring Lake Park,MN,55432,NA,4
Hope Experience Church,2255 New Hope Rd,Lawrenceville,GA,30045,NA,3
Venue Church,220 East Ave,Elyria,OH,44035,NA,2
The Gathering Church,Miami Circle,Arden,NC,NA,NA,3
CedarBend Church,373 280th St,Osceola,WI,54020,NA,2
Substance Church - Westside,Maple Grove Senior High School,Maple Grove,MN,Maple Grove Senior High School,School,4
New Anthem Church,155 Cass Ave,Mount Clemens,MI,48043,NA,3
Faith Church - Hinton,1206 N Broadway,Hinton,OK,73047,NA,4
Pathway Community Church,113 Ellsworth Ave,Marietta,OH,45750,NA,3
Church of the Highlands - Montgomery,4255 Taylor Rd,Montgomery,AL,36116,NA,6
Journey Church - Avon,995 Center Rd,Avon,OH,44011,NA,4
Church of the Highlands - Opelika,1001 Andrews Rd,Opelika,AL,Opelika Sportsplex & Aquatic Center,Community Center,6
Influence Church,274 Labeaux Ave NE,Hanover,MN,55341,NA,2
Radiant Church Bay City,2820 N Euclid Ave,Bay City,MI,48706,NA,4
The Springs Church - Sumrall,4884 Hwy 589,Sumrall,MS,39482,NA,5
Church of the Highlands - Auburn East,2001 East Samford Ave,Auburn,AL,36830,NA,7
The Bridge Church Hendersonville,580 Upward Rd,Flat Rock,NC,28731,NA,4
NewSpring Church - Clemson,13200 Clemson Blvd,Seneca,SC,29678,NA,4
Authentic Church,201 Stonecreek Rd NW,New Philadelphia,OH,44663,NA,2
Revolution Church,2332 Commerce Pl,McDonough,GA,30252,NA,2
City Church,1895 Keystone Rd,Traverse City,MI,49686,NA,2
Grace Point Family Church,2412 Leonard Ave,Anna,TX,75409,NA,4
Journey Church - Fairview Park,21220 Lorain Rd,Fairview Park,OH,44126,NA,5
Church of the Highlands - Auburn West,241 South College St,Auburn,AL,The Hotel at Auburn University,School,7
The Church Covington,11975 Hwy 142,Oxford,GA,30054,NA,3
Turning Point Church,78 Old Jackson Rd,McDonough,GA,30252,NA,3
Faith Family Church - Fairlawn,4200 Granger Rd,Akron,OH,44333,NA,5
King's Church,14100 Franklin Blvd,Lakewood,OH,44107,NA,2
FRAIS Church,149 Oneta St,Athens,GA,30601,NA,2
One Church - Caddo Mills,4857 W I-30,Caddo Mills,TX,75135,NA,5
Heart + Soul Church,1000 E Princeton Dr,Princeton,TX,75407,NA,4
The Well McComb,604 S Magnolia,McComb,MS,39648,NA,3
The Springs Church - Columbia,1198 Hwy 98,Columbia,MS,39119,NA,5
Compass North Church,2268 S Arlington Rd,Akron,OH,44319,NA,3
Trailside Church,6711 State Park Rd,Travelers Rest,SC,29690,NA,2
THE LAKES Community Church,700 Norway Dr E,Annandale,MN,55302,NA,4
Faith Family Church - Freedom,8200 Freedom Ave NW,North Canton,OH,44720,NA,5
Hope Fellowship - McKinney,1702 W University Dr,McKinney,TX,75069,NA,4
Redemption Point Alliance Church,107 E Lamar St,McKinney,TX,75070,NA,4
The Rock Boone,215 Boone Heights Dr,Boone,NC,NA,NA,3
Milestone Church - McKinney,601 S Graves St,McKinney,TX,75069,NA,4
Anchor Church,1351 N Hardin Blvd,McKinney,TX,75071,NA,2
Revolution Church,2705 Virginia Pkwy,McKinney,TX,75071,NA,2
Covenant Church - McKinney,975 S Central Expy,McKinney,TX,75070,NA,4
The Remedy Church,1700 Brittain Rd,Akron,OH,44310,NA,3
The Carpenter's Church,1610 Pearman Dairy Rd,Anderson,SC,29621,NA,3
NewSpring Church - Powdersville,120 Woodson St,Powdersville,SC,29611,NA,4
Church on the Move - Tyler,1101 S SW Loop 323,Tyler,TX,75701,NA,6
BridgePoint Church,10909 State Hwy 78,Lavon,TX,75166,NA,2
NewSpring Church - Anderson,2940 Concord Rd,Anderson,SC,29621,NA,4
Hope Fellowship - Prosper,Prosper High School,Prosper,TX,Prosper High School,School,4
Life Spring Church,6621 E Interstate 30,Fate,TX,75189,NA,3
Church of the Pines,5201 S Broadway Ave,Tyler,TX,NA,NA,4
Encounter Church,3025 Hwy I-30,Fate,TX,75087,NA,2
Church Eleven32 - Allen,700 Rivercrest Blvd,Allen,TX,75002,NA,4
Game Changer Church,Hays Middle School,Frisco,TX,Hays Middle School,School,3
Thrive Church,56 E Antrim Dr,Greenville,SC,29607,NA,2
NewSpring Church - Greenville,625 S Pleasantburg Dr,Greenville,SC,29607,NA,4
Journey Church - Twinsburg,10204 Ravenna Rd,Twinsburg,OH,44087,NA,4
Greenville First,1105 Haywood Rd,Greenville,SC,29615,NA,2
City Point Church,15 Prestige Circle,Allen,TX,75002,NA,3
Church Eleven32 - Wylie,711 Woodbridge Pkwy,Wylie,TX,75098,NA,4
Seacoast Church - Greenville,212 Roper Mountain Rd Ext,Greenville,SC,29615,NA,4
Oak River Church,32405 Aurora Rd,Solon,OH,44139,NA,3
Lifeline Church - Princeton,250 Oakvale Rd,Princeton,WV,24740,NA,4
Lakeshore Church,5575 Hwy 205 South,Rockwall,TX,75032,NA,2
Souls Church,8775 Hwy 95 NW,Princeton,MN,55371,NA,2
Hope Fellowship - Frisco East,9950 Rolater Rd,Frisco,TX,75035,NA,5
Church of the Highlands - Columbus,801 Front Ave,Columbus,GA,Columbus Georgia Convention & Trade Center,Community Center,6
Church Eleven32 - Frisco,6591 Dallas Pkwy,Frisco,TX,75034,NA,4
Covenant Church - Cross Roads,8690 Liberty Rd,Aubrey,TX,76227,NA,5
Turning Point Church,48A Brookfield Oaks Dr,Greenville,SC,29607,NA,3
Freedom Church,304 E Butler Rd,Maudlin,SC,29662,NA,2
Hope Fellowship - Frisco West,309 Main St,Frisco,TX,75036,NA,5
Restoration Church Frisco,309 Main St,Frisco,TX,75034,NA,3
City On A Hill Community Church,3801 Lakeview Pkwy,Rowlett,TX,75088,NA,6
Create Church,3405 N Central Expy,Richardson,TX,75080,NA,2
the church,1130 SW Lee Blvd,Lawton,OK,73505,NA,2
Redemption Point Church,604 Northeast Main St,Simpsonville,SC,NA,NA,3
Lifeline Church - Hinton,505 Stokes Dr,Hinton,WV,25951,NA,4
Vine Church,450 Hwy 231 N,Troy,AL,36081,NA,2
Covenant Church - Carrollton,2644 E Trinity Mills Rd,Carrollton,TX,75006,NA,4
The Grove Church,805 Spartan Blvd,Spartanburg,SC,29369,NA,3
Church of the Highlands - Troy,601 University Ave,Troy,AL,Troy University - Crosby Theater in Smith Hall,Community Center,6
NewSpring Church - Spartanburg,399 Peachwood Centre Dr,Spartanburg,SC,29301,NA,4
Lifeline Church - Peterstown,74 State Line Rd,Peterstown,WV,24963,NA,4
Life Fellowship,8881 CR 3918,Athens,TX,75752,NA,2
Northwood Church - Wiggins,315 N Azalea Dr,Wiggins,MS,39577,NA,4
Soma,883 Highland Ave SE,Hickory,NC,28602,NA,1
Central City Church,621 Foster Rd,Macon,GA,31210,NA,3
Covenant Church - Colleyville,3508 Glade Rd,Colleyville,TX,76034,NA,4
Milestone Church - Keller,201 Mt Gilead Rd,Keller,TX,76248,NA,4
Fellowship Church Zachary,1555 E Mt Pleasant Rd,Zachary,LA,70791,NA,3
Legacy City Church,533 Bypass Hwy 72 NW,Greenwood,SC,29649,NA,3
NewSpring Church - Greenwood,1306 SC-72 Bypass NE,Greenwood,SC,29649,NA,4
Greater Life Church,1900 Canfield Rd,Youngstown,OH,44511,NA,3
Fall Line Church,2254 Rocky Creek Rd,Macon,GA,31206,NA,3
Parkway Church,4270 Industrial Pkwy,Eight Mile,AL,36613,NA,2
Milestone Church - Haslet,1069 Eagle Blvd,Haslet,TX,76052,NA,4
The Church International - Rosepine,1436 Church St,Rosepine,LA,70659,NA,5
Onelife Community Church,807 Austin St,Wichita Falls,TX,76301,NA,3
The River Church,420 W Green St,Saginaw,TX,76179,NA,3
Lifeline Church - Christiansburg,100 W Main St,Christiansburg,VA,24073,NA,4
City Hope Church,4301 Cedar Elm Ln,Wichita Falls,TX,76308,NA,3
South Coast Church,1000 Cody Rd S,Mobile,AL,36695,NA,3
Harbor Light Community Chapel,8333 Clayton Rd,Harbor Springs,MI,49740,NA,4
Creekwood Church,260 N Miller Rd,Mansfield,TX,76063,NA,2
Encounter Church,12112 Florida Blvd,Baton Rouge,LA,70815,NA,2
HighPointe Church,90 CR 539,Enterprise,AL,36330,NA,2
Depot Church,101 N Main St,Stanley,NC,28120,NA,2
Church With U - Enterprise,1032 Boll Weevil Cir,Enterprise,AL,NA,NA,5
Church of the King - Little Creek,22205 Little Creek Rd,Mandeville,LA,70471,NA,7
Purpose Church,9530 Interline,Baton Rouge,LA,70809,NA,2
Northwood Church - Gulfport,14281 O'Neal Rd,Gulfport,MS,39503,NA,4
Allison Park Church - Ohio River,239 Merchant St,Ambridge,PA,15003,NA,6
Victory Family Church - New Castle,300 E Lincoln Ave,New Castle,PA,New Castle High School,School,6
Church of the King - Baton Rouge,2037 Quail Dr,Baton Rouge,LA,70808,NA,7
Centerpoint Church,2440 Ga Hwy 127,Kathleen,GA,31047,NA,2
"Calvary Church of Fort Worth, TX",700 McPherson Rd,Fort Worth,TX,76140,NA,6
Freedom Church - Lake Norman,443 Williamson Rd,Mooresville,NC,28117,NA,5
Church of the King - Biloxi,920 Cedar Lake Rd,Biloxi,MS,NA,NA,6
Church of the Highlands - Mobile Bay,2603 US Hwy 98,Daphne,AL,36526,NA,7
Northwood Church - Long Beach,20201 28th St,Long Beach,MS,39560,NA,5
Household of Faith Church - Galvez,17883 Hwy 933,Prairieville,LA,70769,NA,6
Connect Fellowship Church,18381 28th St,Long Beach,MS,39560,NA,3
Northwood Church - Ocean Springs,3730 Bienville Blvd,Ocean Springs,MS,39564,NA,5
NewSpring Church - Lake Wylie,4034 Charlotte Hwy,Lake Wylie,SC,NA,NA,5
Church of the King - Bay St. Louis,317 Reese St,Bay St. Louis,MS,39520,NA,8
Church for the Harvest,1425 41st Ave W,Alexandria,MN,56308,NA,4
Anchor Chapel,1715 Nicholson Exd,St. Gabriel,LA,70776,NA,2
Victory Family Church - Cranberry Township,21150 Route 19,Cranberry Township,PA,16066,NA,6
Keystone Church,850 Cranberry Woods Dr,Cranberry Twp,PA,16066,NA,2
Impact Church,5115 Old York Rd,Rock Hill,SC,29732,NA,2
The Church International - St. Amant,13423 Hwy 431,St. Amant,LA,70774,NA,6
Crossfire Church,2020 Elsie Ave,Slidell,LA,70458,NA,2
Allison Park Church - North Side,3035 Perrysville Ave,Pittsburgh,PA,15214,NA,6
Mosaic Church Charlotte,10624 Metromont Pkwy,Charlotte,NC,NA,NA,3
Grace Pointe Church,5525 E Highway 67,Alvarado,TX,76009,NA,3
Collective Church,4007 Pascagoula St,Pascagoula,MS,39567,NA,2
Lifestone Church,157 S 26th St,Pittsburgh,PA,15203,NA,2
Household of Faith Church,10469 Airline Hwy,Gonzales,LA,70737,NA,4
Allison Park Church - Hampton,2326 Duncan Ave,Allison Park,PA,15101,NA,5
Hope Church,4100 Johnston Oehler Rd,Charlotte,NC,28269,NA,2
Neon Life Church,1007 S Main St,Weatherford,TX,76086,NA,3
Genesis Church,5060 Harlem Grovetown Rd,Grovetown,GA,30813,NA,2
Pursue Life Church,1771 Tate Rd,Cantonment,FL,32533,NA,3
Church at the Crossing,231 W Main St,Dothan,AL,36301,NA,4
Wilde Lake Church,2800 Wilde Lake Blvd,Pensacola,FL,32526,NA,3
Union Church,300 Pitts School Rd SW,Concord,NC,28027,NA,2
Victory Family Church - Meadville,11155 Highline Dr,Meadville,PA,The Movies of Meadville,Movie Theatre,5
The Church International - Donaldsonville,613 W 7th St,Donaldsonville,LA,70346,NA,5
Allison Park Church - Deer Lakes,908 Little Deer Creek Rd,Russellton,PA,15076,NA,6
Transformation Church,6800 Mobile Hwy,Pensacola,FL,32526,NA,2
Allison Park Church - Butler,101 Clearview Cir,Butler,PA,16001,NA,5
Church Experience - Butler,127 E Cunningham St,Butler,PA,16001,NA,4
The Church International - DeQuincy,163 Louise Goode Rd,Dequincy,LA,70633,NA,5
Pathway Church,3210 Ambassador Caffery,Lafayette,LA,70506,NA,2
Foundations Church,209 Southpark Rd,Lafayette,LA,70508,NA,2
Eastside Church,10132 Harrisburg Rd,Charlotte,NC,28215,NA,2
Echo Life Church,1000 College Blvd,Pensacola,FL,32503,NA,3
Church of the King - West Esplanade,1405 W Esplanade Ave,Kenner,LA,70065,NA,7
Generations House of Worship,1160 Parkside Dr,Brackenridge,PA,15014,NA,4
Inspire,3409 Williams Blvd,Kenner,LA,70065,NA,1
Forward Church,3780 Gulf Shores Pkwy,Gulf Shores,AL,CMX Cinemas,Movie Theatre,2
One Hope Church,5134 Paris Ave,New Orleans,LA,70122,NA,3
Grace City Church,294 Oakland Pkwy,Leesburg,GA,31763,NA,3
Generation Church,18 N Palafox St,Pensacola,FL,32502,NA,2
Propel Church,466 Walker Rd,Mount Pleasant,NC,28124,NA,2
Church 54,6100 Canal Blvd,New Orleans,LA,70124,NA,2
Church at the Shores,541 Cotton Creek Dr,Gulf Shores,AL,36542,NA,4
World Redemption Center,222 Hwy 171,Lake Charles,LA,NA,NA,3
NOLA Church,5632 Salmen St,New Orleans,LA,70123,NA,2
NewSpring Church - Aiken,1108 Cedar Ln,Aiken,SC,29801,NA,4
Upper Room Church - Marina,55 Pensacola Beach Blvd,Pensacola Beach,FL,32561,NA,5
Manna Church West Florida,800 E John Sims Pkwy,Niceville,FL,Niceville High School Auditorium,School,4
Upper Room Church - Beach Church,920 Panferio Dr,Pensacola Beach,FL,32561,NA,6
Seacoast Church - Irmo,411 Western Ln,Irmo,SC,29063,NA,4
Elevate Church,975 Millcreek Mall,Erie,PA,16565,NA,2
Piedmont Chapel,4364 Barrow Rd,High Point,NC,27265,NA,2
Triad Church,705 Sunshine Way,Greensboro,NC,27409,NA,2
Vivid Church,607 Columbia Ave,Lexington,SC,29072,NA,2
Fresh Life Church,5945 Mendenhall Rd Ext,Archdale,NC,27263,NA,3
The Heritage Co.,5643 Platt Springs Rd,Lexington,SC,29073,NA,3
Shoreline Church,140 Palmetto St,Destin,FL,32541,NA,2
NewSpring Church - Columbia,657 Bush River Rd,Columbia,SC,29210,NA,4
Definition Church,1806 Merritt Dr,Greensboro,NC,27407,NA,2
Vortex Church - Downtown,112 E South St,Albermarle,NC,28001,NA,4
Vortex Church - East,823 NC Hwy 24/27,Albermarle,NC,28001,NA,4
Impulse Church,465 Grand Blvd,Miramar Beach,FL,32550,NA,2
Summit Church - Blairsville,40 E Market St,Blairsville,PA,15717,NA,4
Radiate Church - Columbia,105 Sparkleberry Crossing Rd,Columbia,SC,29229,NA,4
NewSpring Church - Northeast Columbia,1010 Old Two Notch Rd,Elgin,SC,29045,NA,5
Seacoast Church - Columbia,631 Sparkleberry Ln,Columbia,SC,29229,NA,4
Cross Church,2600 Coteau Rd,Houma,LA,70364,NA,2
Life Church,2324 Coteau Rd,Houma,LA,70364,NA,2
Amen Always Community Church - Lugoff,1244 US-1,Lugoff,SC,Lugoff-Elgin Middle School,School,6
Glory Bell Church,218 N 6th St,Waco,TX,76701,NA,3
Encounter Church - Orange County,7375 FM 105,Orange,TX,77630,NA,5
Summit Church,2707 W Pike Rd,Indiana,PA,15701,NA,2
Bridge Point Fellowship,1355 W Round Bunch Rd,Bridge City,TX,77611,NA,3
Trinity Beaumont,10 Interstate 10 N,Beaumont,TX,77702,NA,2
Pathway Church Mid County,2326 Nederland Ave,Port Neches,TX,77651,NA,4
Encounter Church - Mid County,5300 Twin City Hwy,Groves,TX,77619,NA,5
Trailhead Church,615 W Harden St,Graham,NC,27253,NA,2
Union Church - Tifton,4144 US Hwy 41 S,Tifton,GA,31794,NA,4
Believers Church of Sylvania,1320 Frontage Rd W,Sylvania,GA,30467,NA,4
Grace Church - Alamance,3400 S NC Hwy 119,Haw River,NC,27258,NA,4
Grace Church - Liberty,1935 SH-146,Liberty,TX,77575,NA,4
Northstar Church,2440 St Andrews Blvd,Panama City,FL,32405,NA,2
The Avenue Church,23050 Speed St,New Caney,TX,77357,NA,3
Skybreak Church,4010 Harvey Rd,College Station,TX,77845,NA,2
Vibrant Church - Montgomery,1701 McCaleb Rd,Montgomery,TX,77316,NA,4
Connecting Point Church,410 Harvey Rd,College Station,TX,77845,NA,3
Living Creek Church,22315 FM 1314,Porter,TX,77365,NA,3
Gospel Church CO,10520 Bennett Rd,Dunkirk,NY,14048,NA,3
Vibrant Church - The Woodlands,2319 Timberloch Place,The Woodlands,TX,77380,NA,5
Declaration Church,28601 Birnham Woods Dr,Spring,TX,Snyder Elementary,School,2
The Ark Church,14320 FM 1488 Rd,Magnolia,TX,77354,NA,3
MVMNT Church,309 Hillsdale Dr,Charlottesville,VA,22901,NA,2
The Point - Charlottesville,155 Hansen Rd,Charlottesville,VA,22911,NA,4
Faith Family Church - Crosby,14703 FM 2100,Crosby,TX,77532,NA,5
HISplace Family Church,5302 Spring Stuebner Rd,Spring,TX,77389,NA,3
Grace Church of Chapel Hill,200 Sage Rd,Chapel Hill,NC,27514,NA,5
Valley Rise Church,22932 Kuykendahl Rd,Spring,TX,77389,NA,3
Relate Church,21440 Kuykendahl Rd,Spring,TX,77379,NA,2
Grace Church - Tomball,31731 SH 249 Access Rd,Pinehurst,TX,77362,NA,4
Legacy Church,14865 Spotswood Tr,Ruckersville,VA,22968,NA,2
City of Refuge Church,15201 Woodland Hills Dr,Humble,TX,77396,NA,4
Life Springs Church - San-Lee,3215 Keller Andrews Rd,Sanford,NC,27330,NA,5
Revolve Church,2031 W Club Blvd,Durham,NC,27705,NA,2
Grace Church - Humble,7224 N Sam Houston Parkway E,Humble,TX,77396,NA,4
Christian Provision Ministries,2300 Courtland Dr,Sanford,NC,27330,NA,3
Bright City Church,8030 Renaissance Pkwy,Durham,NC,27713,NA,3
Faith Family Church - Baytown,6500 N Main St,Baytown,TX,77521,NA,5
Etlan Community Church,217 Church Hill Rd,Etlan,VA,22719,NA,3
Experience Church,3540 Mahan Dr,Tallahassee,FL,32308,NA,2
Emerge Church,6800 Mahan Dr,Tallahassee,FL,32308,NA,2
Seacoast Church - Manning,3351 Sumter Hwy,Manning,SC,29102,NA,4
Radiate Church - Florence,180A Dunbarton Dr,Florence,SC,29501,NA,4
NewSpring Church - Florence,1100 N Cashua Dr,Florence,SC,29501,NA,4
Crossroads Ministries,107 Milton Ave,Sanford,NC,27505,NA,2
Relevant Life Church,1080 28th Ave S,Moorhead,MN,56560,NA,3
Union Houston,9200 Antoine,Houston,TX,77092,NA,2
The Anchor Church,25430 NW Fwy,Cypress,TX,NA,NA,3
OneChurch,9111 Wheatland Dr,Houston,TX,77064,NA,1
Peak City Church,1501 Laura Duncan Rd,Apex,NC,27502,NA,3
Grace Church - Garden Oaks,3754 N Shepherd,Houston,TX,77018,NA,5
Christian Faith Center,101 S Peachtree St,Creedmoor,NC,27522,NA,3
Christ Covenant Church,17000 Longenbaugh Dr,Houston,TX,77095,NA,3
Eternal Rock Church,333 S Jensen Dr,Houston,TX,77003,NA,3
Life Springs Church - Western Harnett,10637 NC Hwy 27 W,Lillington,NC,27546,NA,6
Faithbridge Church,4711 Center St,Deer Park,TX,77536,NA,2
Connect Church of Abilene,201 Mesquite,Abilene,TX,79602,NA,4
Restoration Church Houston,3635 Lakes of Bridgewater,Katy,TX,77449,NA,3
Lifepoint Church - Culpeper,16332 Cyclone Way,Culpeper,VA,22701,NA,4
The Point - Louisa,212 Fredericksburg Ave,Louisa,VA,23093,NA,4
Grace Church,14505 Gulf Freeway,Houston,TX,77034,NA,2
Space City Church,7746 Almeda Genoa Rd,Houston,TX,77075,NA,3
Freedom Church,2013 New Hope Church Road,Raleigh,NC,27604,NA,2
People Church - Toronto,817 Mt Pleasant Rd,Toronto,ON,NA,NA,4
theBridge Community Church,114 S Fairfax Blvd,Ranson,WV,25438,NA,3
Amarillo Fellowship,8425 Bell St,Amarillo,TX,79110,NA,2
Church of the King,1507 Katy Flewellen Rd,Katy,TX,77494,NA,4
Destination Church,2081 Ware St,Blackshear,GA,31516,NA,2
The Connect Church,12155 Shadow Creek Pkwy,Pearland,TX,77584,NA,3
HighPoint Church,1000 Manison Pkwy,Friendswood,TX,77546,NA,2
NewSpring Church - Hilton Head,290 New River Pkwy,Hardeeville,SC,29927,NA,5
Venture Church,3775 Argent Blvd,Ridgeland,SC,29936,NA,2
One Living Church,20044 Hwy 35,Alvin,TX,77511,NA,3
Hope City Church,11 Gateway Blvd S,Savannah,GA,NA,NA,3
Summit Church,2008 12th Ave,Canyon,TX,79015,NA,2
Momentum Church,12300 University Blvd,Sugar Land,TX,77479,NA,2
Lifehouse Church - Hagerstown,515 E Wilson Blvd,Hagerstown,MD,21740,NA,4
Summerbrook Church,676 Orangeburg Rd,Summerville,SC,29483,NA,2
Epic Church,4479 Transit Rd,Buffalo,NY,14221,NA,2
HopeFront Church,8246 Cleveland Rd,Clayton,NC,27520,NA,2
Awaken Church - Summerville,1624 State Rd,Summerville,SC,29486,NA,4
The Dwelling Church,115 E Lathrop Ave,Savannah,GA,31415,NA,3
Celebration Church - Georgetown,601 Westinghouse Rd,Georgetown,TX,78626,NA,4
Decibel Church,555 Robert Smalls Pkwy,Beaufort,SC,29906,NA,2
Seacoast Church - Summerville,301 E 5th North St,Summerville,SC,29483,NA,4
Riverland Church,205 Grandview Dr,Summerville,SC,NA,NA,2
Vintage Church,90 Santa Rita Blvd,Liberty Hill,TX,78642,NA,2
Mission Church,2120 N Mays #290,Round Rock,TX,78664,NA,2
Anchor Bend,1400 FM 2218,Richmond,TX,77469,NA,2
Freedom Church,1425 Cypress Gardens Rd,Moncks Corner,SC,29461,NA,2
Lifehouse Church - Chambersburg,2625 Philadelphia Ave,Chambersburg,PA,17201,NA,4
NewSpring Church - Charleston,5101 Ashley Phosphate Rd,North Charleston,SC,NA,NA,4
Hope Point Church - Midlothian,15849 City View Dr,Midlothian,VA,23113,NA,5
La Red,10002 Battleview Pkwy,Manassas,VA,20109,NA,2
Citizen Heights - Dulles,25350 Poland Rd,Chantilly,VA,20152,NA,4
Heights Church,12440 Gayton Rd,Richmond,VA,23238,NA,2
Local Vineyard Church,13501 Midlothian Turnpike,Midlothian,VA,23113,NA,3
Crossroads Church,952 Bragg Rd,Fredericksburg,VA,22407,NA,2
City Reach Church,3502 Hatch Rd,Cedar Park,TX,78613,NA,3
Lifepoint Church - Fredericksburg,1400 Central Park Blvd,Fredericksburg,VA,22401,NA,4
New Life Church,5913 Jefferson Pike,Frederick,MD,21703,NA,3
Dreamer's Church,10700 Anderson Mill Rd,Austin,TX,78750,NA,2
The Chapel - Midlothian,3505 Old Hundred Rd S,Midlothian,VA,23112,NA,4
Life Springs Church - Selma,304 Graves St,Selma,NC,27576,NA,5
Alive Church,810 Westwood Office Park,Fredericksburg,VA,22401,NA,2
Lifepoint Church - Spotsylvania,5050 Gateway Blvd,Fredericksburg,VA,22407,NA,4
Lifepoint Church - Stafford,63 Stafford Indians Ln,Fredericksburg,VA,22405,NA,4
Cloverhill Church,12310 Bailey Bridge Rd,Midlothian,VA,23112,NA,2
Lifehouse Church - Frederick,5243 Buckeystown Pike,Frederick,MD,21704,NA,4
Church of the Redeemer - Frederick,5606 Buckeystown Pike,Frederick,MD,21704,NA,6
Seacoast Church - North Charleston,5505 N Rhett Ave,North Charleston,SC,29406,NA,5
Awaken Church - Charleston,3870 Leeds Ave,North Charleston,SC,NA,NA,4
Celebration Church - Central Austin,1006 W Koenig Ln,Austin,TX,78756,NA,5
Seacoast Church - West Ashley,2049 Savannah Hwy,Charleston,SC,29407,NA,5
Manna Church Stafford,1700 Courthouse Rd,Stafford,VA,22554,NA,3
New Community Church - Ashland,205 England St,Ashland,VA,23005,NA,5
Seacoast Church - Johns Island,2024 Academy Rd,Johns Island,SC,29455,NA,5
Hope Point Church - Chesterfield,10500 Newsby Bridge Rd,Chesterfield,VA,23832,NA,5
Hill City Church,2101 Maywill St,Richmond,VA,23230,NA,3
Move Church,13061 Touchstone Cir,Woodbridge,VA,22192,NA,2
New Community Church - Glen Allen,10091 Jeb Stuart Pkwy,Glen Allen,VA,23060,NA,6
The Chapel - Scotts Addition,1808 MacTavish Ave,Richmond,VA,23230,NA,5
Lifepoint Church - Richmond,2401 W Leigh St,Richmond,VA,23220,NA,4
Elevate Church,700 Gateway Pkwy,Marble Falls,TX,78654,NA,2
GO CHURCH - Germantown,20000 Century Blvd,Germantown,MD,20874,NA,4
The Life Church - DC Metro,2911 District Ave,Fairfax,VA,Angelika Film Center at Mosaic,Community Center,6
Seacoast Church - Mount Pleasant,750 Long Point Rd,Mount Pleasant,SC,29464,NA,5
The City Church - St. Anthony's,114 Liberty St,Batavia,NY,14020,NA,6
The City Church - Main St,210 E Main St,Batavia,NY,14020,NA,6
Union Church - Falls Church,8101a Lee Hwy,Falls Church,VA,22042,NA,5
Summit Church,7719 Fullerton Rd,Springfield,VA,22153,NA,2
Highlight Church,317 East Diamond Ave,Gaithersburg,MD,NA,NA,2
The Intersection Church,1980 Baltimore Pike,Gettysburg,PA,17325,NA,3
Seacoast Church - Conway,1500 Hwy 501 Business,Conway,SC,29526,NA,4
Church of the Redeemer - Gaithersburg Espa単ol,19425 Woodfield Rd,Gaithersburg,MD,20879,NA,7
Church of the Redeemer - Gaithersburg,19425 Woodfield Rd,Gaithersburg,MD,20879,NA,6
The Rise Church,8320 Buffin Rd,Richmond,VA,23231,NA,3
Valley Community Church,1215 Julian R Allsbrook Hwy,Weldon,NC,27890,NA,3
Celebration Church - Washington DC,5910 Kingstowne Towne Center,Alexandria,VA,Regal Kingstowne Theater,Movie Theatre,5
Hill City Church,5801 Franconia Rd,Alexandria,VA,22310,NA,3
The Well Church,2100 Baltimore Rd,Rockville,MD,20851,NA,3
Seacoast Church - McClellanville,1064 S Pinckney St,McClellanville,SC,29458,NA,4
Catalyst Church,8120 Wisconsin Ave,Bethesda,MD,20814,NA,2
Citizen Heights - Tenleytown,4100 River Rd NW,Washington,DC,20016,NA,4
Bridge City Church,11135 Newport Mill Rd,Kensington,MD,20895,NA,3
NewSpring Church - Myrtle Beach,3001 Waccamaw Blvd,Myrtle Beach,SC,29579,NA,5
The Bridge,51 University Blvd E,Silver Spring,MD,Montgomery Blair High School,School,2
Union City Church,535 8th St SE,Washington,DC,20003,NA,3
Covenant Church,4550 Centennial Ln,Ellicott City,MD,21042,NA,2
Faith Family Church - Hallettsville,1262 US-77 #5689,Hallettsville,TX,77964,NA,5
Union Church - Flowers,10001 Ardwick Ardmore Rd,Springdale,MD,20774,NA,4
Union Church - Columbia,7195 Oakland Mills Rd,Columbia,MD,21046,NA,4
Union Church - Baltimore County,4000 Offutt Rd,Randallstown,MD,21133,NA,5
Hub Church,300 Phelps Rd,Honeoye Falls,NY,14472,NA,2
Glee Church,16300 Heritage Blvd,Bowie,MD,NA,NA,2
The Father's House of Baltimore,4805 Nelson Ave,Baltimore,MD,21215,NA,5
Faith Family Church - Gonzales,1820 E Sarah Dewitt,Gonzales,TX,78629,NA,5
Union Church - BWI,681 Hollins Ferry Rd S,Glen Burnie,MD,21061,NA,4
Coastal Church,101 Stone Chimney Rd SE,Supply,NC,28462,NA,2
Harbor City Church,715 E Ordnance Rd,Baltimore,MD,NA,NA,3
Christwalk Church,2920 Bailey Rd,Fernandina Beach,FL,32034,NA,2
Faith Family Church - Yoakum,722 Front St,Yoakum,TX,77995,NA,5
Reimage Church,3950 Victory Ln,Winterville,NC,28590,NA,2
Two Rivers Church - Corning,254 W Pulteney St,Corning,NY,14830,NA,5
Lifepoint Church - Leland,1725 Reed Rd NE,Leland,NC,28451,NA,4
Epic Church,1710 Delvale Ave,Baltimore,MD,21222,NA,2
Reach Community Church,121 Town Hall Dr,Leland,NC,28451,NA,3
Waters Edge Church - Williamsburg,5100 John Tyler Hwy,Williamsburg,VA,23185,NA,5
Rise Church,8081 Lenox Ave,Jacksonville,FL,32221,NA,2
Victory Church - Columbia,550 Linden St,Columbia,PA,17512,NA,4
Celebration Church,2639 Sunset Dr,San Angelo,TX,76904,NA,2
Freedom Church - Middle River,1116 Middle River Rd,Middle River,MD,NA,NA,5
828 Church - Central,1930 Castle Hayne Rd,Wilmington,NC,28401,NA,4
Elevate Life Church - Oakleaf,8650 Merchants Way,Jacksonville,FL,32222,NA,5
Lifeway Church,2230 Lebanon Valley Mall,Lebanon,PA,17042,NA,2
TheCity.church,3139 Philips Hwy,Jacksonville,FL,NA,NA,1
Second Mile Church,2223 Blockbuster Rd,Wilmington,NC,28412,NA,3
828 Church - South,4811 Southport-Supply Rd SE,Southport,NC,28461,NA,4
Impact Church - Jacksonville,9501 Arlington Expy,Jacksonville,FL,NA,NA,4
Lifepoint Church - Pine Valley,3534 S College Rd,Wilmington,NC,NA,NA,5
Freedom Church - Bel Air,1705 Conowingo Rd,Bel Air,MD,21014,NA,5
Open Door Church - Bertie,715 US-13,Windsor,NC,27893,NA,5
Elevate Life Church - Arlington,9400 Atlantic Blvd,Jacksonville,FL,32225,NA,5
Lifepoint Church - Porters Neck,159 Porters Neck Rd,Porters Neck,NC,28411,NA,5
Livingospel Church,3723 Southside Blvd,Jacksonville,FL,NA,NA,2
Celebration Church - Orange Park,512 Kingsley Ave,Orange Park,FL,32073,NA,5
NorthRock Church - Bulverde,2500 Belverde Rd,Bulverde,TX,78163,NA,4
Love Alive Church,420 College Dr #114,Middleburg,FL,32068,NA,3
The Purpose Church,420 Fairlawn Ave,Schertz,TX,78108,NA,3
Alive Church - Gainesville,5805 NW 37th St,Gainesville,FL,32653,NA,4
Lifepoint Church - Carolina Beach,400 Fourth St S,Carolina Beach,NC,28428,NA,5
Relate Church,4165 Pruden Blvd,Suffolk,VA,23434,NA,2
Victory Church - Lititz,540 E Newport Rd,Lititz,PA,17601,NA,4
Manna Church,326 Tabbs Ln,Newport News,VA,23609,NA,2
Crosspoint Fellowship Church,2600 Roy Richard Dr,Schertz,TX,78154,NA,3
Elevate Life Church - Fleming Island,1845 Town Center Blvd,Fleming Island,FL,32003,NA,6
ALIVE Church - Downtown Suffolk,1242 Holland Rd,Suffolk,VA,23434,NA,5
Victory Church - Greenfield,1827 Freedom Rd,Lancaster,PA,NA,NA,4
Celebration Church - Jacksonville Arena,9555 R G Skinner Pkwy,Jacksonville,FL,32256,NA,5
Ephrata Community Church,70 Clay School Rd,Ephrata,PA,17552,NA,3
Waters Edge Church - Yorktown,6830 George Washington Memorial Hwy,Yorktown,VA,23692,NA,5
Lifehouse,100 Regal Way,Newport News,VA,23606,NA,1
Velocity Church,3630 George Washington Memorial Highway,Yorktown,VA,23693,NA,2
Waters Edge Church - Newport News,836 J Clyde Morris Blvd,Newport News,VA,23601,NA,6
Faith Family Church - Victoria,2002 E Mockingbird Ln,Victoria,TX,77904,NA,5
Faith Family Church - Spanish,2002 E Mockingbird Ln,Victoria,TX,77904,NA,5
Victory Church - Ephrata,939 Linden Rd,Ephrata,PA,17522,NA,4
Victory Church of Gainesville,4251 SW 13th St,Gainesville,FL,32608,NA,4
Lifeway Church,210 Philadelphia St,Rapid City,SD,57701,NA,2
Victory Church - Quarryville,15 E 3rd St,Quarryville,PA,17566,NA,4
Transformation Church,125 Lehmann Dr,Kerrville,TX,78028,NA,2
NorthRock Church - Stone Oak,1278 N Loop 1604 E,San Antonio,TX,78232,NA,5
City Hills Church,176 Enterprise Parkway,Boerne,TX,NA,NA,3
One Heart Church,1220 Bonaventure Ave,Green Cove Springs,FL,32043,NA,3
Cross Mountain Church,24891 Boerne Stage Rd,San Antonio,TX,78255,NA,3
Grace Avenue Church,12508 Jones Maltberger Rd #110,San Antonio,TX,78247,NA,3
The Heart Church,7005 N Carefree Cir,Colorado Springs,CO,80922,NA,3
The Bridge Church,35 Tidemill Ln,Hampton,VA,23665,NA,3
ALIVE Church - Western Branch,1935 Jolliff Rd,Chesapeake,VA,23321,NA,5
Fresh Hope Church,21500 E Dry Creek Rd,Aurora,CO,08016,NA,3
Zeal Church,5515 Palmer Park Blvd,Colorado Springs,CO,80915,NA,2
Freedom Church - Rising Sun,51 Colonial Way,Rising Sun,MD,21911,NA,5
OneLife Church,19697 E Smoky Hill Rd,Centennial,CO,80015,NA,2
Rock Family Church,4005 Lee Vance Dr,Colorado Springs,CO,80918,NA,3
Roots Church,460 David Park Rd,Ponte Vedra,FL,32081,NA,2
Mosaic Church,3451 23rd Ave,Evans,CO,80620,NA,2
Life Chapel,3617 Betty Dr,Colorado Springs,CO,80917,NA,2
StoryChurch,2520 Airport Rd,Colorado Springs,CO,80910,NA,1
Manna Church,2755 Janitell Rd,Colorado Springs,CO,80906,NA,2
The Jesus Church,3018 Virginia Ave,Colorado Springs,CO,80923,NA,3
Rise Church,Pedrotti's Ranch,Helotes,TX,Pedrotti's Ranch,Ranch,2
Reverb Church,395 S Legacy Trail,St. Augustine,FL,32092,NA,2
NorthRock Church - Midtown,230 W Magnolia Ave,San Antonio,TX,78212,NA,4
Seven Cities Church,4582 George Washington Hwy,Portsmouth,VA,23702,NA,3
Front Range Christian Church,3954 Trail Boss Ln,Castle Rock,CO,80104,NA,4
Open Door Church,1255 Haughton Rd,Edenton,NC,27932,NA,3
Lifepoint Church Hampton Roads,7336 Granby St,Norfolk,VA,23505,NA,4
Jubilee Fellowship Church,9359 E Nichols Ave,Englewood,CO,80109,NA,3
Church at Hampton Roads,4202 Bainbridge Blvd,Chesapeake,VA,23324,NA,4
Go Church,8230 Northfield Blvd,Denver,CO,NA,NA,2
Thrive Church,9830 Lone Tree Pkwy,Lone Tree,CO,80124,NA,2
Life Church - Reading,621 Centre Ave,Reading,PA,19601,NA,4
Strong Faith Family Church,211 W Stewart Huston Dr,Coastesville,PA,19320,NA,4
Summit Church of Douglas County,4240 N Perry Park Rd,Sedalia,CO,80104,NA,5
Exalt Church,311 Kempsville Rd,Chesapeake,VA,23320,NA,2
The Pearl Church,200 S University Blvd,Denver,CO,80209,NA,3
Church on the Rock Ministries of St. Augustine,2995 Varella Ave,St. Augustine,FL,32084,NA,8
Love of Christ Church - Middletown,316 Warwick Rd,Middletown,DE,19709,NA,6
True Life Church,130 Executive Dr,Newark,DE,NA,NA,3
Ascent Church,2961 Shore Dr,Virginia Beach,VA,23451,NA,2
Palms Church,3177 Virginia Beach Blvd,Virginia Beach,VA,23452,NA,2
Colorado Church,3000 South Wadsworth Blvd,Denver,CO,80227,NA,2
The Journey - Newark,721 E Chestnut Hill Rd,Newark,DE,19713,NA,4
Highway Community Church,2400 Industrial Ln,Broomfield,CO,NA,NA,3
The Genesis Project - Fort Collins,400 S Link Ln,Fort Collins,CO,80524,NA,6
The Journey - Hockessin,Wilmington Christian School,Hockessin,DE,Wilmington Christian School,School,4
Love of Christ Church - Bear,2157 Bear Corbitt Rd,Bear,DE,19701,NA,6
Mill City Church,1400 Remington St,Fort Collins,CO,80524,NA,3
Arising Ministries Christian Center,154 Bear Christiana Rd,Bear,DE,19701,NA,4
Two Rivers Church - Cortland,78 Homer Ave,Cortland,NY,13045,NA,5
UNITED Church - Dover,1 Dover High Dr,Dover,DE,19904,NA,4
Revo Church,3140 SW 26th St,Ocala,FL,34474,NA,2
Two Rivers Church - Binghamton,1 Chrisfield Ave,Johnson City,NY,13790,NA,5
Life Church - Macungie,1609 Trexlertown Rd,Macungie,PA,18062,NA,4
LiFT Church,2322 N Salisbury Blvd,Salisbury,MD,21801,NA,2
City Church - Binghamton,255 Washington St,Binghamton,NY,13901,NA,4
UNITED Church - Milford,985 N DuPont Blvd,Milford,DE,19963,NA,4
Thrive City Church,300 Valley Dr,Syracuse,NY,13207,NA,3
Lifecoast Church,3535 Pirate Nation Way,Palm Coast,FL,32137,NA,2
Life Church - Allentown,38 S 8th St,Allentown,PA,18101,NA,4
Discover Church,406 S Bedford St,Georgetown,DE,19947,NA,2
Life Church - Bethlehem,910 E 4th St,Bethlehem,PA,18105,NA,4
Life Church - Nazareth,4609 Newburg Rd,Nazareth,PA,18064,NA,4
Discover Church,315 E Montgomery Ave,Ardmore,PA,Lower Merion High School,School,2
City Life Church,3301 S 20th St,Philadelphia,PA,19145,NA,3
Life Church - Easton,1451 Northampton St,Easton,PA,18042,NA,4
True North Church,333 Aura Rd,Mullica Hill,NJ,08062,NA,3
Solid Ground Church,33739 Marsh Rd,Lewes,DE,NA,NA,3
Connection Point Church,193 E Lavista St,Fruitland Park,FL,34731,NA,3
Accelerate Church,507 Kings Hwy S,Cherry Hill,NJ,08034,NA,2
City Church - Norwich,97 Silver St,Norwich,NY,13815,NA,4
The Father's House Church,2301 South St,Leesburg,FL,34748,NA,4
theChapel.cc,8833 Mitchell Blvd,Trinity,FL,34655,NA,1
Lighthouse Church,716 Main St,Lumberton,NJ,08048,NA,2
Jesus Church,402 Dunlawton Ave,Port Orange,FL,32128,NA,2
New Life Church,5231 S Nova Rd,Port Orange,FL,32127,NA,3
Thrive Community Church,6156 S Williamson Blvd,Port Orange,FL,32128,NA,3
GrowLife Church,26940 Progress Pkwy,Wesley Chapel,FL,33544,NA,2
Church Experience - Central,1400 San Christopher Dr,Dunedin,FL,34698,NA,4
Church Experience - Dunedin Chapel,1400 San Christopher Dr,Dunedin,FL,34698,NA,5
Grace Family Church - Land O Lakes,22920 SR 54,Lutz,FL,33549,NA,7
The Lakeside Church - Minneola,101 N Hancock Rd,Minneola,FL,34715,NA,5
Grace Family Church - Lutz,5101 Van Dyke Rd,Lutz,FL,33558,NA,5
Journey Church,13912 Nine Eagles Dr,Tampa,FL,33626,NA,2
Palm City Church,26000 Sierra Center Blvd,Lutz,FL,33559,NA,3
Liquid Church - Mercer County,54 Meadow Rd,Princeton,NJ,08540,NA,5
G3 Church,541 North Palmetto Ave,Sanford,FL,NA,NA,2
Story Church,13201 Excalibur Rd,Clermont,FL,34711,NA,2
Radiant Church - North Tamp,16200 N Dale Mabry Hwy,Tampa,FL,33618,NA,5
Favor Church,33425 FL-54,Wesley Chapel,FL,33543,NA,2
Countryside Christian Church,1850 N McMullen Booth Rd,Clearwater,FL,33759,NA,3
Radiant Church - Clearwater,540 S Hercules Ave,Clearwater,FL,33764,NA,4
Bay Chapel,20084 Bruce B Downs Blvd,Tampa,FL,33647,NA,2
Action Church - Sanford,650 E Airport Blvd,Sanford,FL,32773,NA,4
Real Church,1370 S Belcher Rd,Clearwater,FL,33764,NA,2
Liquid Church - Somerset County,222 Davenport St,Somerville,NJ,Somerville High School,School,5
The Lakeside Church - Oakland,16001 W Colonial Dr,Oakland,FL,34787,NA,5
Found Life Church,1001 W Plant St,Winter Garden,FL,34787,NA,3
Grace Family Church - Clearwater,1199 East Bay Dr,Largo,FL,33770,NA,5
Living Hope Church,11633 137th St,Largo,FL,33774,NA,3
Grace Family Church - Carrollwood,5100 W Waters Ave,Tampa,FL,33634,NA,5
Hope Church,100 Windermere Rd,Winter Garden,FL,34787,NA,2
Journey Church,6405 S Hwy 17-92,Fern Park,FL,32730,NA,2
Devoted Church,220 State Rd 436,Casselberry,FL,32707,NA,2
Impact Church - Orlando,497 SR-436 E,Casselberry,FL,NA,NA,4
Covenant Fusion Church,216 Doverwood Rd,Fern Park,FL,32730,NA,3
Anchor Church,1950 Mohican Trail,Maitland,FL,32751,NA,2
Local City Church,5000 N Central Ave,Tampa,FL,33603,NA,3
Grace Family Church - Temple Terrace,8610 Temple Terrace Hwy,Tampa,FL,33637,NA,6
Radiant Church - Heights,3205 North Blvd,Tampa,FL,33603,NA,4
Nations Church,4301 S Apopka Vineland Rd,Orlando,FL,32835,NA,2
Action Church - Winter Park,1485 Grand Rd,Winter Park,FL,32792,NA,5
Celebration Church - Orlando Downtown,2416 N Mills Ave,Orlando,FL,Orlando Museum of Art,Community Center,5
Grace Family Church - Ybor,2806 N 15th St,Tampa,FL,33605,NA,5
EpicLife Church,7033 Stapoint Ct,Winter Park,FL,32826,NA,2
Radiant Church - South Tampa,3938 S Dale Mabry Hwy,Tampa,FL,33611,NA,5
Grace Family Church - South Tampa,4479 W Gandy Blvd,Tampa,FL,33611,NA,6
Radiant Church - St. Petersburg,990 62nd Ave NE,St. Petersburg,FL,33702,NA,5
City on a Hill Church,4265 13th Ave N,Bldg 2,St.,Petersburg,NA,5
Action Church - Oviedo,3225 Lockwood Blvd,Oviedo,FL,32765,NA,4
Liquid Church - Morris County,299 Webro Rd,Parsippany,NJ,07054,NA,5
Hope Cathedral,46 Bennetts Mills Rd,Jackson,NJ,08527,NA,2
Encounter Church,6208 S Orange Ave,Orlando,FL,32809,NA,2
Alive Church - Orlando,1649 Florida Mall Ave,Orlando,FL,32809,NA,4
Liquid Church - Union County Mountainside,1180 Spruce Dr,Mountainside,NJ,07092,NA,6
City Pointe Church,503 N Palmer St,Plant City,FL,33566,NA,3
Liquid Church - Middlesex County,820 Washington Rd,Parlin,NJ,Sayerville War Memorial High School,School,5
Liquid Church - Union County Garwood,213 Center St,Garwood,NJ,07027,NA,6
Radiant Church - Brandon,1310 John Moore Rd,Brandon,FL,33511,NA,4
Bayside Community Church - Riverview,8538 Eagle Palm Dr,Riverview,FL,33578,NA,5
Family Church,510M and M Rd,Middletown,NY,10940,NA,2
One Hope Church,5500 Grandview Pkwy,Davenport,FL,33837,NA,3
Extraordinary Church,1700 E Bloomingdale Ave,Valrico,FL,33596,NA,2
Alive Church - East Orlando,870.12,Orlando,FL,NA,NA,5
Axios Church,1347 Ariana St,Lakeland,FL,33803,NA,2
CrossRoads Worship Center,469 Matawan Ave,Cliffwood,NJ,Matawan Aberdeen Middle School,School,3
Discover Family Church,300 Longfellow Blvd,Lakeland,FL,33801,NA,3
Champion City Church,7710 Old Big Bend Rd,Gibsonton,FL,East Bay High School,School,3
Grace City Church,1736 New Jersey Rd,Lakeland,FL,33803,NA,3
Access Church,4303 S Florida Ave,Lakeland,FL,33813,NA,2
Today's Church,815 Elizabeth Ave,Elizabeth,NJ,NA,NA,2
Waters Church - Apollo Beach,5309 N US Hwy 41,Apollo Beach,FL,33572,NA,5
Liquid Church - Passaic County,1441 Ratzer Rd,Wayne,NJ,07470,NA,5
Wellspring Community Church,705 9th St SE,Ruskin,FL,33570,NA,3
Pipeline Church,4001 Boggy Creek Rd,Kissimmee,FL,34744,NA,2
Life Church,2269 Partin Settlement Rd,Kissimmee,FL,34744,NA,2
Keys Church,1038 Aeronautical Dr,Kissimmee,FL,34744,NA,2
Bridge Church,263 W Central Ave,Winter Haven,FL,33880,NA,2
The Grove of Santa Fe,2235 Henry Lynch Rd,Santa Fe,NM,87507,NA,5
Winter Haven Worship Center,1835 Overlook Dr,Winter Haven,FL,33884,NA,4
CBI St. Cloud,1975 Michigan Ave,St. Cloud,FL,34769,NA,3
Mosaic Covenant Church of New Jersey,4000 Garden State Plaza Blvd 4 & 17,Paramus,NJ,07652,NA,6
Bayside Community Church - West Bradenton,6609 Manatee Ave W,Bradenton,FL,34209,NA,6
Bridge Church,4000 75th St W,Bradenton,FL,34209,NA,2
Liberty Church - New York City,18 W Houston St,New York,NY,10012,NA,6
King's Church,31 Monroe,New York,NY,NA,NA,2
Bayside Community Church - Bradenton Dream Center,1816 9th St W,Bradenton,FL,34205,NA,7
Bayside Community Church - Bayshore Gardens,5051 26th St W,Bradenton,FL,34207,NA,6
Purpose Life Church - LifeCenter,1895 Flatbush Ave,Brooklyn,NY,11210,NA,5
Purpose LIfe Church - Flatlands,4021 Flatlands Ave,Brooklyn,NY,11234,NA,5
Trinity New York,134 W 122nd St,New York,NY,10027,NA,3
East Coast Christian Center - Cocoa,1855 Friday Rd,Cocoa,FL,32926,NA,6
New Life Church,2757 Morris Ave,Bronx,NY,10468,NA,3
Bayside Community Church - Lakewood Ranch,15800 Florida 64,Bradenton,FL,34212,NA,6
Bayside Community Church - North River,15800 Florida 64,Bradenton,FL,34212,NA,6
Lineage Church - Cocoa West,300 Tucker Lane,Cocoa,FL,32926,NA,5
CityReach Queens Church,13-21 College Point Blvd,College Point,NY,11356,NA,3
Life Together Fellowship,2347 Lafayette Ave,Bronx,NY,10473,NA,3
East Coast Christian Center - The Chapel,85 Richland Ave,Merritt Island,FL,32953,NA,7
East Coast Christian Center - Parkway,680 N Courtenay Pkwy,Merritt Island,FL,32953,NA,6
Bayside Community Church - Fruitville,3375 Fruitville Rd,Sarasota,FL,34237,NA,5
Hope City Church,5930 Palmer Blvd,Sarasota,FL,34232,NA,3
East Coast Christian Center - Viera,3475 Viera Blvd,Melbourne,FL,32940,NA,6
The Life Church - New York,275 Mamaroneck Ave,Mamaroneck,NY,10543,NA,6
Bayside Community Church - Bee Ridge,8200 Bee Ridge Rd,Sarasota,FL,34241,NA,6
Valley Christian Church,1072 Route 82,Hopewell Junction,NY,12533,NA,3
Bayside Community Church - Hardee County,615 Rainey Blvd,Wauchula,FL,33873,NA,6
CenterPoint Church - Long Beach,455 Neptune Blvd,Long Beach,NY,11561,NA,5
Redemption Community Church,181 Westchester Ave,Port Chester,NY,NA,NA,3
Lineage Church - Oceanside,535 Cassia Blvd,Satellite Beach,FL,32937,NA,4
Christ Alive Church,2685 Corner Ln,Bellmore,NY,11710,NA,3
ConnectCommunity,125 Roxbury Rd,Stamford,CT,06902,NA,1
CenterPoint Church - Massapequa,98 Jerusalem Ave,Massapequa,NY,11758,NA,4
Grace Church,2820 Minton Rd,West Melbourne,FL,32904,NA,2
Trinity Church of Melbourne,101 Pirate Ln,Melbourne,FL,Palm Bay Magnet High School,School,4
Vox Church - Greater Stamford,71 Wall St,Norwalk,CT,06850,NA,5
City Church,445 N Pearl St,Albany,NY,12204,NA,2
CenterPoint Church - Kings Park,25 West Main St,Kings Park,NY,11754,NA,5
CenterPoint Church - Bay Shore,68 Redington St,Bay Shore,NY,11706,NA,5
Awaken Church,390 Flamingo Blvd,Port Charlotte,FL,33954,NA,2
Vox Church - Greater Bridgeport,70 Sanford St,Fairfield,CT,06824,NA,5
Fearless Church,18200 Cochran Blvd,Port Charlotte,FL,33948,NA,2
CenterPoint Church - Stony Brook,66 Pembrook Dr,Stony Brook,NY,11790,NA,5
Iglesia en Movimiento (Church on the Move),118 N Oak St,Lake Placid,FL,33852,NA,7
CenterPoint Church - Holbrook,1123 Broadway Ave,Holbrook,NY,11741,NA,4
Deep Creek Community Church,1500 Cooper St,Punta Gorda,FL,33950,NA,4
Freedom Church,4315 9th Ave W,Williston,ND,58801,NA,2
Vertical Church,225 Meloy Rd,West Haven,CT,06516,NA,2
Vox Church - New Haven,238 College St,New Have,CT,06510,NA,5
Christ Fellowship - Vero Beach,927 14th Ln,Vero Beach,FL,32960,NA,5
Vox Church - Branford,131 Commercial Pkwy,Branford,CT,06405,NA,4
Vox Church - North Haven,161 Mill Rd,North Haven,CT,06473,NA,5
Next Level Church - Cape Coral,269 SW 2nd Terrace,Cape Coral,FL,33991,NA,6
Bridge Church,79 Midcape Terrace,Cape Coral,FL,NA,NA,2
Faith Generation,William Austen Youth Center,Cape Coral,FL,William Austen Youth Center,Community Center,2
Church Experience - Cape Coral,Marquee Cinemas - Coralwood 10,Cape Coral,FL,Marquee Cinemas - Coralwood 10,Movie Theatre,5
Cape Christian,2110 Chiquia Blvd S,Cape Coral,FL,33991,NA,2
Christ Fellowship - Okeechobee,701 S Parrott Ave,Okeechobee,FL,34974,NA,4
Blaze Church,51 Madison St,Riverhead,NY,11901,NA,2
Mission Community Church,2637 Dr. Martin Luther King Jr. Blvd,Fort Myers,FL,33916,NA,3
LifeWay Church,2172 Berlin Tpk,Newington,CT,06111,NA,2
Vox Church - Middletown,653 S Main St,Middletown,CT,06457,NA,4
Vox Church - Hartford,32 Front St,Hartford,CT,06103,NA,4
The Family Church - McAllen,2322 N McColl Rd,McAllen,TX,78501,NA,5
Generation Church,105 Marsh St,Wethersfield,CT,06109,NA,2
Next Level Church - Fort Myers,12400 Plantation Rd,Fort Myers,FL,33966,NA,6
The Family Church - Weslaco,1001 W Business 83,Weslaco,TX,78596,NA,5
Next Level Church - East,11081 Gateway Blvd,Fort Myers,FL,33913,NA,5
Anthem Church - Fort Myers,13545 American Colony Blvd,Fort Myers,FL,33912,NA,5
Christ Fellowship - Port St. Lucie,10250 SW Village Pkwy,Port St. Lucie,FL,34987,NA,6
Expansion Church,8649 S US1,Port St. Lucie,FL,34952,NA,2
Vox Church - Springfield,1 Columbus Ctr,Springfield,MA,01103,NA,4
Plattsburgh House of Prayer,63 Broad St,Plattsburgh,NY,12901,NA,4
Restoration City Church,1500 Boston Rd,Springfield,MA,01129,NA,3
Grow Church,15300 Tamiami Trail N,Naples,FL,34110,NA,2
Christ Fellowship - Stuart,10205 Pratt Whitney Rd,Stuart,FL,34997,NA,4
Freedom Life Church,6006 Hollywood Dr,Naples,FL,Regal Theaters,Movie Theatre,3
Naples Church,10910 Immokalee Rd,Naples,FL,34120,NA,2
Grow Church - South,3702 Estey Ave,Naples,FL,34101,NA,4
Christ Fellowship - Belle Glade,400 W Avenue A,Belle Glade,FL,33430,NA,5
Christ Fellowship - Jupiter,122 Soundings Ave,Jupiter,FL,33477,NA,4
Riverbank Church - Claremont,345 Washington St,Claremont,NH,03743,NA,4
Riverbank Church - White River,259 Holiday Dr,White River Junction,VT,05001,NA,5
Christ Fellowship - Palm Beach Gardens,5343 Northlake Blvd,Palm Beach Gardens,FL,33418,NA,6
Christ Fellowship - Palm Beach Gardens Espa単ol,5312 Northlake Blvd,Palm Beach Gardens,FL,33418,NA,7
Christ Fellowship - Riviera Beach,1717 Avenue S,Riviera Beach,FL,33404,NA,5
Christ Fellowship - Royal Palm Beach,9905 Southern Blvd,Royal Palm Beach,FL,33411,NA,6
Christ Fellowship - Royal Palm Beach Espa単ol,9905 Southern Blvd,Royal Palm Beach,FL,33411,NA,7
Vox Church - Worcester,24 Portland St,Worcester,MA,01608,NA,4
Blueprints Church,6194 Summit Blvd,Greenaches,FL,33415,NA,2
Christ Fellowship - Downtown West Palm Beach,600 S Rosemary Ave,West Palm Beach,FL,33401,NA,7
Lifesong Church - Worcester,1 Officer Manny Familia Way,Worcester,MA,01605,NA,4
Lifesong Church - Sutton,65 Gilmore Dr,Sutton,MA,01590,NA,4
The Life Church - Massachusetts,484 Lancaster St,Leominster,MA,01453,NA,5
Believer's Victory Church,918 North Lakeside Dr,Lake Worth,FL,33460,NA,3
Journey Church - Lake Worth,6201 S Military Trail,Lake Worth,FL,33463,NA,5
Faith Family Church,1844 Hypoluxo Rd,Lake Worth,FL,33462,NA,3
Christ Fellowship - Boynton Beach,801 N Congress Ave,Boynton Beach,FL,33426,NA,5
Journey Church - Boynton/Delray,715 S Federal Highway,Boynton Beach,FL,33435,NA,4
Waters Church - Woonsocket,1500 Diamond Hill Rd,Woonsocket,RI,02895,NA,4
Region Church,899 Park Ave,Cranston,RI,02910,NA,2
Oceanside Church,9040 Kimberly Blvd,Boca Raton,FL,33434,NA,2
Connect Church - Tri-County,259 Hartford Ave,Bellingham,MA,Regal Theater,Movie Theatre,4
Christ Fellowship - Boca Raton,9087 Glades Rd,Boca Raton,FL,33434,NA,5
Connect Church - Ashland,280 Pleasant St,Ashland,MA,01721,NA,4
Coastal Community Church - Parkland,6800 N University Dr,Parkland,FL,33067,NA,5
Legacy Church,7500 N State Rd 7,Coconut Creek,FL,33073,NA,2
Connect Church - Framingham,80 Beacon St,Framingham,MA,01701,NA,4
Waters Church - North Attleboro,57 John L Dietsch Square,North Attleborough,MA,02763,NA,5
Vibrant Church,2600 NW 136th Ave,Sunrise,FL,33323,NA,2
Coastal Community Church - Lighthouse Point,3901 NE 22nd Eve,Lighthouse Point,FL,33064,NA,6
Vertical Church,967 Shotgun Rd,Sunrise,FL,33326,NA,2
Waters Church - Tiverton,28 Fish Rd,Tiverton,RI,02878,NA,4
Waters Church - Norwood,668 Walpole St,Norwood,MA,02062,NA,4
1Name Church,8000 W Broward Blvd,Plantation,FL,33324,NA,2
Journey Christian Church,657 Quarry St,Fall River,NJ,NA,NA,3
History Makers Church,12800 Taft St,Pembroke Pines,FL,33028,NA,3
One Boston Church,144 McBride St,Boston,MA,02130,NA,3
Impact Church of South Florida,2800 Oakwood Blvd,Hollywood,FL,33020,NA,5
COOL Church,3601 SW 89th Ave,Miramar,FL,33025,NA,2
All People,99 Concord St,N Reading,MA,01864,NA,2
My Liberty Church,875 Washington St,Braintree,MA,02184,NA,3
Fresh Life Church - Billings,4120 King Ave W #3,Billings,MT,59106,NA,5
Substance Church - Monterrey,Nueva York 4082,Monterrey,CA,NA,NA,4
Generation Church,5801 Augusto St,Coral Gables,FL,33146,NA,2
Renew Church - Miami,17569 SW 147 Ave,Miami,FL,33187,NA,4
Calvary Church Miami,16435 SW 117 Ave,Miami,FL,33177,NA,3
Renew Church - Homestead,300 NE 15th St,Homestead,FL,33030,NA,4
The Refuge Church,765 Roosevelt Trl,Windham,ME,04062,NA,3
Fresh Life Church - Jackson,5655 Main St,Wilson,WY,83014,NA,5
The Genesis Project - Provo,875 S 170 E,Provo,UT,84664,NA,5
The Well,800 E 9400 S,Sandy,UT,84094,NA,2
Fresh Life Church - Salt Lake City,669 SW Temple,Salt Lake City,UT,84111,NA,7
Courageous Church,10702 S 300 W,South Jordan,UT,84095,NA,2
Sego Church,11477 S Redwood Rd,South Jordan,UT,84095,NA,2
The Genesis Project,3525 Riverdale Rd,Ogden,UT,84405,NA,3
Fresh Life Church - Bozeman,111 S Grande Ave,Bozeman,MT,59715,NA,5
Harvest Church Idaho,1100 Booth Dr,Pocatello,ID,83201,NA,3
Discover Church,270 Main Rd N,Hampden,ME,04444,NA,2
Hope Church Movement - Flagstaff,2211 E 7th Ave,Flagstaff,AZ,White Dove Coffee,Coffee Shop,5
Urban Hope Church,1633 S Plaza Way,Flagstaff,AZ,86001,NA,3
The Pines Church,6 Stillwater Ave,Orono,ME,04473,NA,3
Fresh Life Church - Great Falls,202 2nd Ave S,Great Falls,MT,59401,NA,6
The Well Church,1800 Highland St,Helena,MT,59601,NA,3
Fresh Life Church - Helena,802 Front St,Helena,MT,59601,NA,5
Buffalo Church,835 Great Northern Blvd,Helena,MT,59602,NA,2
Generation Church - Fountain Hills,16239 E Ironwood Dr,Fountain Hills,AZ,85268,NA,5
Generation Church - Mesa,1010 S Ellsworth Rd,Mesa,AZ,85208,NA,4
Focus314.Church,4816 S Eastmark Pkwy,Mesa,AZ,85212,NA,1
Life Link Church,725 W Warner Rd,Gilbert,AZ,85233,NA,3
Legacy Church,1655 W Frye Rd,Chandler,AZ,85224,NA,2
Hope Church Movement - Phoenix,730 N Mill Ave,Tempe,AZ,85281,NA,5
New Heights Church,6150 W. Chandler Blvd. Ste 15,Chandler,AZ,85226,NA,3
Generation Church - South Mountain,11832 S Warner Elliot Loop,Phoenix,AZ,85044,NA,5
Hilltop Church,293 E Telegraph St,Washington,UT,84780,NA,2
Restoration Church,9687 W Adam Ave,Peoria,AZ,85382,NA,2
Camelback Community Church,7634 W Camelback Rd,Glendale,AZ,85303,NA,3
Propel Church,18700 N Porter Rd,Maricopa,AZ,85138,NA,2
Grace Walk Church,7840 W Lower Buckeye Rd,Phoenix,AZ,85043,NA,3
Cornerstone Christian Center,11301 W Indian School Rd,Avondale,AZ,85392,NA,3
Purpose Church,15778 W Yuma Rd,Goodyear,AZ,85338,NA,2
Believers Church,195 River Vista Pl,Twin Falls,ID,83301,NA,2
Hope City Church,1850 Gates Ave,Kingman,AZ,86401,NA,3
Fresh Life Church - Polson,209 Main St,Polson,MT,59901,NA,5
The Church LV - Green Valley,3760 E Sunset Rd,Las Vegas,NV,89120,NA,6
ChurchLV - Green Valley,3760 E Sunset Rd,Las Vegas,NV,89120,NA,4
Hope Church Movement - Las Vegas,UNLV's CBC Building,Las Vegas,NV,UNLV's CBC Building,School,6
The Church LV - Seven Hills,3051 W Horizon Ridge Pkwy,Henderson,NV,89052,NA,6
Fresh Life Church - Kalispell,116 1st Ave E,Kalispell,MT,59901,NA,5
Hope Church - Kalispell,436 Birch Grove Rd,Kalispell,MT,59901,NA,4
The Springs Church,4161 N Rancho Dr,Ste 110,Las,Vegas,NA,3
ChurchLV - West Henderson,675 E Dale Ave,Henderson,NV,89044,NA,4
Overflow Church,10200 W Centennial Pkwy,Las Vegas,NV,89149,NA,2
Avenue Church,6050 S Buffalo Dr,Las Vegas,NV,89113,NA,2
Destiny Church,4955 S Durango Dr,Las Vegas,NV,89113,NA,2
Fresh Life Church - Whitefish,127 Spokane Ave,Whitefish,MT,59937,NA,5
ChurchLV - Summerlin,5910 S Fort Apache Rd #103,Las Vegas,NV,89148,NA,3
River's Edge Church,2119 W Overland Rd,Boise,ID,83705,NA,3
River Valley Church,1115 N Garden St,Boise,ID,83706,NA,3
Oasis City Church,10481 W Fairview Ave,Boise,ID,83704,NA,3
Higher Vision Church - Blythe,247 N Solano Ave,Blythe,CA,92225,NA,5
Mountain Life Church,14180 Hwy 55,McCall,ID,83638,NA,3
E3 Church,7300 Linder Rd,Meridian,ID,83642,NA,2
Refresh Church,3650 N Owyhee Storm Ave,Meridian,ID,83646,NA,2
Church for The City,3726 E County 13,Yuma,AZ,85365,NA,4
Hope Church - Eureka,215 Dewey Ave,Eureka,MT,59917,NA,4
One Life Church,311 3rd St S,Nampa,ID,83651,NA,3
Heart of the City Church,772 W Kathleen Ave,Coeur dAlene,ID,83815,NA,5
Destiny Church - Indio,80250 Hwy 111 #A,Indio,CA,92201,NA,4
Destiny Church - Cathedral City,36850 Pickfair St,Cathedral City,CA,92234,NA,5
Sun City Church,10920 E Sprague Ave,Spokane Valley,WA,99206,NA,3
Victory Faith - Spokane,2024 N Argonne Rd,Spokane Valley,WA,99212,NA,4
Victory Faith - North,11008 N Newport Hwy,Spokane,WA,99218,NA,4
LIFE Church,611 S 9th Ave,Walla Walla,WA,99362,NA,2
The Bridge Church,38801 Calistoga Dr,Murrieta,CA,92563,NA,3
Passion Life Church,28251 Clinton Keith Rd,Murrieta,CA,92563,NA,3
Canvas Church,1300 S Juniper St,Escondido,CA,92025,NA,2
Rock Church - El Cajon,808 Jackman St,El Cajon,CA,92020,NA,5
Rock Church - San Marcos,1370 W San Marcos Blvd,San Marcos,CA,92078,NA,5
Lighthouse Church,342 Eucalyptus Ave,Vista,CA,92084,NA,2
Rock Church - Chula Vista,2015 Birch Rd,Chula Vista,CA,AMC Theater,Movie Theatre,5
Revival Church,9230 Gold Coast Dr,San Diego,CA,92126,NA,2
Coastline Church,2215 Calle Barcelona,Carlsbad,CA,92009,NA,2
Rock Church - City Heights,4001 El Cajon Blvd,San Diego,CA,92105,NA,5
Spectrum Church,4378 Lynndale Ln,Chula Vista,CA,91910,NA,2
The Station Church,2385 Marron Rd,Carlsbad,CA,92008,NA,3
Rhythm Church,701 West St,Oceanside,CA,92054,NA,2
Almac辿n,2196 Logan Ave,San Diego,CA,92113,NA,1
Common(s) Church,710 13th St,San Diego,CA,NA,NA,2
Church of Grace,22653 Old Canal Rd,Yorba Linda,CA,92887,NA,3
Rock Church,2277 Rosencrans St,San Diego,CA,92106,NA,2
Redeemed Life Church,405 N Azusa Ave,Azusa,CA,91702,NA,3
Zion Church,700 Avenida Pico,San Clemente,CA,92673,NA,2
Oceans Church - Bake,15253 Bake Pkwy,Irvine,CA,92618,NA,4
Oceans Church - San Juan,31571 Rancho Viejo Rd,San Juan Capistrano,CA,92675,NA,5
The Movement Church,25401 Paseo de Valencia,Laguna Hills,CA,92653,NA,3
Crossline Community Church,23331 Moulton Pkwy,Laguna Hills,CA,92653,NA,3
Vivid Church,562 E Lambert Rd,Brea,CA,92821,NA,2
Voice Church,3002 Dow Ave,Tustin,CA,92780,NA,2
The Father's House Orange County,245 W Birch St,Brea,CA,92821,NA,5
Freedomhouse Church - Irvine,4849 Alton Pkwy,Irvine,CA,92604,NA,4
The Cause Church,950 Beacon St,Brea,CA,92821,NA,3
Freedomhouse Church - Fullerton,464 W Commonwealth Ave,Fullerton,CA,92832,NA,4
Freedomhouse Church - Espa単ol,464 W Commonwealth Ave,Fullerton,CA,92832,NA,4
CONVO Church,1365 Corporate Blvd,Reno,NV,89502,NA,2
ZOE LA,307 S Broadway,Los Angeles,CA,90013,NA,2
Destiny Church - Long Beach,3400 Pacific Ave,Long Beach,CA,90807,NA,5
Antioch Church of Long Beach,350 Pine Ave,Long Beach,CA,90802,NA,5
Higher Vision Church - Canyon Country,27053 Honby Ave,Canyon Country,CA,91351,NA,6
Illuminate Church,10935 S Spinning Ave,Inglewood,CA,90303,NA,2
Mid-City Vineyard Church,5632 Washington Blvd,Los Angeles,CA,90016,NA,3
Flourishing Church - Torrance/Gardena,19208 S Vermont Ave #100,Gardena,CA,90248,NA,4
The House LA,4445 Noble Ave,Sherman Oaks,CA,91403,NA,3
Higher Vision Church - Valencia,28776 The Old Road,Valencia,CA,91355,NA,5
Flourishing Church - Hermosa Beach,730 11th St,Hermosa Beach,CA,90254,NA,5
Pacific City Church,801 Montana Ave,Santa Monica,CA,90403,NA,3
Freedom Church,9200 Owensmouth,Chatsworth,CA,91311,NA,2
New Life Church - Espa単ol,4201 Stine Rd,Bakersfield,CA,93313,NA,5
New Life Church - Southwest,4201 Stine Rd,Bakersfield,CA,93313,NA,5
New Life Church - Northwest,1300 Jewetta Ave,Bakersfield,CA,93312,NA,5
Atmosphere Church,2382 Townsgate Rd,Westlake Village,CA,91361,NA,2
Adventure Church - Tower,815 E Olive Ave,Fresno,CA,93728,NA,4
Adventure Church - Palm,1012 N Palm Ave,Fresno,CA,93728,NA,4
Higher Vision Church - Santa Paula,501 Ojai Rd,Santa Paula,CA,96030,NA,6
Journey Church in Bend,61303 S Hwy 97 Ste 120,Bend,OR,97702,NA,4
Bend Christian Fellowship,19831 Rocking Horse Rd,Bend,OR,97702,NA,3
District Church,7000 Rossmore Ln,El Dorado Hills,CA,95762,NA,2
HighRidge Church,2650 Sunset Blvd,Rocklin,CA,Rocklin Event Center,Community Center,2
Our Father's House,1005 I St,Los Banos,CA,93635,NA,3
Genesis Church,712 Atlantic St,Roseville,CA,95678,NA,2
The Father's House - Roseville,8330 Brady Ln,Roseville,CA,95747,NA,5
The FATHERS House Elk Grove,9555 Calvine Rd,Sacramento,CA,95829,NA,5
Lifeline Church,500 Park St,Lodi,CA,95240,NA,2
Discover Church,760 S Ham Ln,Lodi,CA,95242,NA,2
Life Words Church,4221 N Freeway Blvd,Sacramento,CA,95834,NA,3
Society Church,2711 B St,Sacramento,CA,95816,NA,2
The Hope Community,3216 Martin Luther King Blvd,Sacramento,CA,95817,NA,3
Radius Church,6250 Scott Creek Dr,Stockton,CA,95219,NA,2
Citywalk Church,1460 Richland Rd,Yuba City,CA,95993,NA,2
Mission City Church,5555 W Grant Line Rd,Tracy,CA,95304,NA,3
Active Church,3172 Johnson Ave,San Luis Obispo,CA,93401,NA,2
Bayside Church of Woodland,1400 Pioneer Ave,Woodland,CA,95776,NA,4
Home Church,108 W Woodland Ave,Woodland,CA,95695,NA,2
Church On The Rock,630 Cottonwood St,Woodland,CA,95695,NA,4
The Rock Church,1770 Adams Ln,Brentwood,CA,94513,NA,3
Fellowship Church - Antioch,4873 Lone Tree Way,Antioch,CA,94531,NA,4
The Father's House - Vacaville,4800 Horse Creek Dr,Vacaville,CA,95688,NA,5
Timberlake Church - Duvall,15520 Main St NE,Duvall,WA,98019,NA,4
Anthem Church,1415 NE 223rd Ave,Fairview,OR,97024,NA,2
Timberlake Church - Redmond,4505 236th Ave NE,Redmond,WA,98053,NA,4
Fountain Church,4439 Stoneridge Dr,Pleasanton,CA,94550,NA,2
Mannahouse - Mill Plain,14311 SE Mill Plain Blvd,Vancouver,WA,98684,NA,4
Wonder Church,8890 NE 161st Ave,Redmond,WA,98052,NA,2
Brave Church - San Ramon,20801 San Ramon Valley Blvd,San Ramon,CA,94583,NA,5
Timberlake Church - Renton,16015 116th Ave SE,Renton,WA,98058,NA,4
Kalos Church,1432 NE 21st St,Bellevue,WA,NA,NA,2
Brave Church - Dublin,7500 Inspiration Dr,Dublin,CA,94583,NA,4
Mannahouse - Rocky Butte Espa単ol,9200 NE Fremont St,Portland,OR,97220,NA,5
Mannahouse - Rocky Butte,9200 NE Fremont St,Portland,OR,97220,NA,4
Hope Village Church,13505 NE 75th St,Redmond,WA,98052,NA,3
The Father's House - East Bay,2140 Olivera Ct,Concord,CA,94520,NA,6
C3 Church - Southwest Washington,11505 NE Fourth Plain Blvd #G2,Vancouver,WA,98642,NA,5
Mission Church,250 N Wiget Ln,Walnut Creek,CA,94598,NA,2
Echo.Church - North San Jose,1180 Murphy Ave,San Jose,CA,95131,NA,5
The Genesis Project - Portland,3132 SE 67th Ave,Portland,OR,97206,NA,5
Connection Church,405 Warner Parrott Rd,Oregon City,OR,97045,NA,2
Tekoa Church,196 N 3rd St,San Jose,CA,95112,NA,2
C3 Church NE Portland,5740 NE Portland Hwy,Portland,OR,97218,NA,4
Echo.Church - Fremont,41386 Fremont Blvd,Fremont,CA,94538,NA,3
Christian Faith - Federal Way,33645 20th Ave S,Federal Way,WA,98003,NA,5
Experience Church,393 Watt Dr,Fairfield,CA,94534,NA,2
Central Christian Church,2555 Meridian Ave,San Jose,CA,95124,NA,3
Christian Faith - Mill Creek,13000 21st Dr SE,Everett,WA,98208,NA,5
Mannahouse - Downtown Portland,907 NW Irving St,Portland,OR,97209,NA,4
Fresh Life Church - Portland,709 SW 15th Ave,Portland,OR,97217,NA,5
Bold Church,400 llewellyn Ave,Campbell,CA,95008,NA,2
Good Life Church,1014 512nd St E,Tacoma,WA,98445,NA,3
Echo.Church - Sunnyvale,1145 Arques Ave,Sunnyvale,CA,94085,NA,3
SEA CHURCH,5031 University Way,Seattle,WA,University Heights Community Center,Community Center,2
Coastline Church NW,2125 Western Ave,Seattle,WA,NA,NA,3
Abundant Life Tacoma,5917 S Thompson Ave,Tacoma,WA,98408,NA,3
Silver Creek Fellowship,822 Industrial Way NE,Silverton,OR,97381,NA,3
West Coast Church,47 St Helens Ave,Tacoma,WA,98402,NA,3
Mannahouse - Tigard,12244 SW Garden Place,Tigard,OR,97223,NA,3
The Father's House - Napa,860 Latour Ct,Napa,CA,94558,NA,5
The Father's House Oakland,1547 Lakeside Dr,Oakland,CA,94601,NA,4
Mannahouse - Eugene,89780 N Game Farm Rd,Eugene,OR,97408,NA,3
Christian Life Center,1780 SE Lincoln Ave,Port Orchard,WA,98366,NA,3
Timberlake Church - Castle Rock,1955 Huntington Ave S,Castle Rock,WA,98611,NA,5
River City Church,8100 Steilacoom Rd SE,Lacey,WA,98503,NA,3
Fearless Church - Kitsap,19351 8th Ave NE,Poulsbo,WA,98370,NA,4
City Life Church,410 Bayshore Blvd,San Francisco,CA,94124,NA,3
Experience Church - San Francisco,449 14th St,San Francisco,CA,94103,NA,5
The Father's House San Francisco,2850 19th Ave,San Francisco,CA,94132,NA,5
The Promise Center,1211 N Dutton Ave,Santa Rosa,CA,95401,NA,3
Promesa de Fe - Costa Rica,CWJ6+CHX,Provincia de Guanacaste,Ca単as,NA,NA,6
Arise Church,CP49+WJ,Maguayo,Dorado,00646,NA,2
